code,name,nature
1,ACTIVO,debit
11,DISPONIBLE,debit
1105,CAJA,debit
110505,CAJA GENERAL,debit
110510,CAJAS MENORES,debit
110515,MONEDA EXTRANJERA,debit
1110,BANCOS,debit
111005,MONEDA NACIONAL,debit
111010,MONEDA EXTRANJERA,debit
1115,REMESAS EN TRANSITO,debit
111505,MONEDA NACIONAL,debit
111510,MONEDA EXTRANJERA,debit
1120,CUENTAS DE AHORRO,debit
112005,BANCOS,debit
112010,CORPORACIONES DE AHORRO Y VIVIENDA,debit
112015,ORGANISMOS COOPERATIVOS FINANCIEROS,debit
1125,FONDOS,debit
112505,ROTATORIOS MONEDA NACIONAL,debit
112510,ROTATORIOS MONEDA EXTRANJERA,debit
112515,ESPECIALES MONEDA NACIONAL,debit
112520,ESPECIALES MONEDA EXTRANJERA,debit
112525,DE AMORTIZACION MONEDA NACIONAL,debit
112530,DE AMORTIZACION MONEDA EXTRANJERA,debit
12,INVERSIONES,debit
1205,ACCIONES,debit
120505,"AGRICULTURA, GANADERIA, CAZA Y SILVICULTURA",debit
120510,PESCA,debit
120515,EXPLOTACION DE MINAS Y CANTERAS,debit
120520,INDUSTRIA MANUFACTURERA,debit
120525,"SUMINISTRO DE ELECTRICIDAD, GAS Y AGUA",debit
120530,CONSTRUCCION,debit
120535,COMERCIO AL POR MAYOR Y AL POR MENOR,debit
120540,HOTELES Y RESTAURANTES,debit
120545,"TRANSPORTE, ALMACENAMIENTO Y COMUNICACIONES",debit
120550,ACTIVIDAD FINANCIERA,debit
120555,"ACTIVIDADES INMOBILIARIAS, EMPRESARIALES Y DE ALQUILER",debit
120560,ENSEÑANZA,debit
120565,SERVICIOS SOCIALES Y DE SALUD,debit
120570,"OTRAS ACTIVIDADES DE SERVICIOS COMUNITARIOS, SOCIALES Y PERSONALES",debit
120599,AJUSTES POR INFLACION,debit
1210,CUOTAS O PARTES DE INTERES SOCIAL,debit
121005,"AGRICULTURA, GANADERIA, CAZA Y SILVICULTURA",debit
121010,PESCA,debit
121015,EXPLOTACION DE MINAS Y CANTERAS,debit
121020,INDUSTRIA MANUFACTURERA,debit
121025,"SUMINISTRO DE ELECTRICIDAD, GAS Y AGUA",debit
121030,CONSTRUCCION,debit
121035,COMERCIO AL POR MAYOR Y AL POR MENOR,debit
121040,HOTELES Y RESTAURANTES,debit
121045,"TRANSPORTE, ALMACENAMIENTO Y COMUNICACIONES",debit
121050,ACTIVIDAD FINANCIERA,debit
121055,"ACTIVIDADES INMOBILIARIAS, EMPRESARIALES Y DE ALQUILER",debit
121060,ENSEÑANZA,debit
121065,SERVICIOS SOCIALES Y DE SALUD,debit
121070,"OTRAS ACTIVIDADES DE SERVICIOS COMUNITARIOS, SOCIALES Y PERSONALES",debit
121099,AJUSTES POR INFLACION,debit
1215,BONOS,debit
121505,BONOS PUBLICOS MONEDA NACIONAL,debit
121510,BONOS PUBLICOS MONEDA EXTRANJERA,debit
121515,BONOS ORDINARIOS,debit
121520,BONOS CONVERTIBLES EN ACCIONES,debit
121595,OTROS,debit
1220,CEDULAS,debit
122005,CEDULAS DE CAPITALIZACION,debit
122010,CEDULAS HIPOTECARIAS,debit
122015,CEDULAS DE INVERSION,debit
122095,OTRAS,debit
1225,CERTIFICADOS,debit
122505,CERTIFICADOS DE DEPOSITO A TERMINO (C.D.T.),debit
122510,CERTIFICADOS DE DEPOSITO DE AHORRO,debit
122515,CERTIFICADOS DE AHORRO DE VALOR CONSTANTE (C.A.V.C.),debit
122520,CERTIFICADOS DE CAMBIO,debit
122525,CERTIFICADOS CAFETEROS VALORIZABLES,debit
122530,CERTIFICADOS ELECTRICOS VALORIZABLES (C.E.V.),debit
122535,CERTIFICADOS DE REEMBOLSO TRIBUTARIO (C.E.R.T.),debit
122540,CERTIFICADOS DE DESARROLLO TURISTICO,debit
122545,CERTIFICADOS DE INVERSION FORESTAL (C.I.F.),debit
122595,OTROS,debit
1230,PAPELES COMERCIALES,debit
123005,EMPRESAS COMERCIALES,debit
123010,EMPRESAS INDUSTRIALES,debit
123015,EMPRESAS DE SERVICIOS,debit
1235,TITULOS,debit
123505,TITULOS DE DESARROLLO AGROPECUARIO,debit
123510,TITULOS CANJEABLES POR CERTIFICADOS DE CAMBIO,debit
123515,TITULOS DE TESORERIA (T.E.S.),debit
123520,TITULOS DE PARTICIPACION,debit
123525,TITULOS DE CREDITO DE FOMENTO,debit
123530,TITULOS FINANCIEROS AGROINDUSTRIALES (T.F.A.),debit
123535,TITULOS DE AHORRO CAFETERO (T.A.C.),debit
123540,TITULOS DE AHORRO NACIONAL (T.A.N.),debit
123545,TITULOS ENERGETICOS DE RENTABILIDAD CRECIENTE (T.E.R.),debit
123550,TITULOS DE AHORRO EDUCATIVO (T.A.E.),debit
123555,TITULOS FINANCIEROS INDUSTRIALES Y COMERCIALES,debit
123560,TESOROS,debit
123565,TITULOS DE DEVOLUCION DE IMPUESTOS NACIONALES (TIDIS),debit
123570,TITULOS INMOBILIARIOS,debit
123595,OTROS,debit
1240,ACEPTACIONES BANCARIAS O FINANCIERAS,debit
124005,BANCOS COMERCIALES,debit
124010,COMPAÑIAS DE FINANCIAMIENTO COMERCIAL,debit
124015,CORPORACIONES FINANCIERAS,debit
124095,OTRAS,debit
1245,DERECHOS FIDUCIARIOS,debit
124505,FIDEICOMISOS DE INVERSION MONEDA NACIONAL,debit
124510,FIDEICOMISOS DE INVERSION MONEDA EXTRANJERA,debit
1250,DERECHOS DE RECOMPRA DE INVERSIONES NEGOCIADAS (REPOS),debit
125005,ACCIONES,debit
125010,CUOTAS O PARTES DE INTERES SOCIAL,debit
125015,BONOS,debit
125020,CEDULAS,debit
125025,CERTIFICADOS,debit
125030,PAPELES COMERCIALES,debit
125035,TITULOS,debit
125040,ACEPTACIONES BANCARIAS O FINANCIERAS,debit
125095,OTROS,debit
125099,AJUSTES POR INFLACION,debit
1255,OBLIGATORIAS,debit
125505,BONOS DE FINANCIAMIENTO ESPECIAL,debit
125510,BONOS DE FINANCIAMIENTO PRESUPUESTAL,debit
125515,BONOS PARA DESARROLLO SOCIAL Y SEGURIDAD INTERNA (B.D.S.I.),debit
125595,OTRAS,debit
1260,CUENTAS EN PARTICIPACION,debit
126099,AJUSTES POR INFLACION,debit
1295,OTRAS INVERSIONES,debit
129505,APORTES EN COOPERATIVAS,debit
129510,DERECHOS EN CLUBES SOCIALES,debit
129515,ACCIONES O DERECHOS EN CLUBES DEPORTIVOS,debit
129520,BONOS EN COLEGIOS,debit
129595,DIVERSAS,debit
129599,AJUSTES POR INFLACION,debit
1299,PROVISIONES,credit
129905,ACCIONES,credit
129910,CUOTAS O PARTES DE INTERES SOCIAL,credit
129915,BONOS,credit
129920,CEDULAS,credit
129925,CERTIFICADOS,credit
129930,PAPELES COMERCIALES,credit
129935,TITULOS,credit
129940,ACEPTACIONES BANCARIAS O FINANCIERAS,credit
129945,DERECHOS FIDUCIARIOS,credit
129950,DERECHOS DE RECOMPRA DE INVERSIONES NEGOCIADAS,credit
129955,OBLIGATORIAS,credit
129960,CUENTAS EN PARTICIPACION,credit
129995,OTRAS INVERSIONES,credit
13,DEUDORES,debit
1305,CLIENTES,debit
130505,NACIONALES,debit
130510,DEL EXTERIOR,debit
130515,DEUDORES DEL SISTEMA,debit
1310,CUENTAS CORRIENTES COMERCIALES,debit
131005,CASA MATRIZ,debit
131010,COMPAÑIAS VINCULADAS,debit
131015,ACCIONISTAS O SOCIOS,debit
131020,PARTICULARES,debit
131095,OTRAS,debit
1315,CUENTAS POR COBRAR A CASA MATRIZ,debit
131505,VENTAS,debit
131510,PAGOS A NOMBRE DE CASA MATRIZ,debit
131515,VALORES RECIBIDOS POR CASA MATRIZ,debit
131520,PRESTAMOS,debit
1320,CUENTAS POR COBRAR A VINCULADOS ECONOMICOS,debit
132005,FILIALES,debit
132010,SUBSIDIARIAS,debit
132015,SUCURSALES,debit
1323,CUENTAS POR COBRAR A DIRECTORES,debit
1325,CUENTA S POR COBRAR A SOCIOS Y ACCIONISTAS,debit
132505,A SOCIOS,debit
132510,A ACCIONISTAS,debit
1328,APORTES POR COBRAR,debit
1330,ANTICIPOS Y AVANCES,debit
133005,A PROVEEDORES,debit
133010,A CONTRATISTAS,debit
133015,A TRABAJADORES,debit
133020,A AGENTES,debit
133025,A CONCESIONARIOS,debit
133030,DE ADJUDICACIONES,debit
133095,OTROS,debit
133099,AJUSTES POR INFLACION,debit
1332,CUENTAS DE OPERACION CONJUNTA,debit
1335,DEPOSITOS,debit
133505,PARA IMPORTACIONES,debit
133510,PARA SERVICIOS,debit
133515,PARA CONTRATOS,debit
133520,PARA RESPONSABILIDADES,debit
133525,PARA JUICIOS EJECUTIVOS,debit
133530,"PARA ADQUISICION DE ACCIONES, CUOTAS O DERECHOS SOCIALES",debit
133535,EN GARANTIA,debit
133595,OTROS,debit
1340,PROMESAS DE COMPRA VENTA,debit
134005,DE BIENES RAICES,debit
134010,DE MAQUINARIA Y EQUIPO,debit
134015,DE FLOTA Y EQUIPO DE TRANSPORTE,debit
134020,DE FLOTA Y EQUIPO AEREO,debit
134025,DE FLOTA Y EQUIPO FERREO,debit
134030,DE FLOTA Y EQUIPO FLUVIAL Y/O MARITIMO,debit
134035,DE SEMOVIENTES,debit
134095,DE OTROS BIENES,debit
1345,INGRESOS POR COBRAR,debit
134505,DIVIDENDOS Y/O PARTICIPACIONES,debit
134510,INTERESES,debit
134515,COMISIONES,debit
134520,HONORARIOS,debit
134525,SERVICIOS,debit
134530,ARRENDAMIENTOS,debit
134535,CERT POR COBRAR,debit
134595,OTROS,debit
1350,RETENCION SOBRE CONTRATOS,debit
135005,DE CONSTRUCCION,debit
135010,DE PRESTACION DE SERVICIOS,debit
135095,OTROS,debit
1355,ANTICIPO DE IMPUESTOS Y CONTRIBUCIONES O SALDOS A FAVOR,debit
135505,ANTICIPO DE IMPUESTOS DE RENTA Y COMPLEMENTARIOS,debit
135510,ANTICIPO DE IMPUESTOS DE INDUSTRIA Y COMERCIO,debit
135515,RETENCION EN LA FUENTE,debit
135517,IMPUESTO A LAS VENTAS RETENIDO,debit
135518,IMPUESTO DE INDUSTRIA Y COMERCIO RETENIDO,debit
135520,SOBRANTES EN LIQUIDACION PRIVADA DE IMPUESTOS,debit
135525,CONTRIBUCIONES,debit
135530,IMPUESTOS DESCONTABLES,debit
135595,OTROS,debit
1360,RECLAMACIONES,debit
136005,A COMPAÑIAS ASEGURADORAS,debit
136010,A TRANSPORTADORES,debit
136015,POR TIQUETES AEREOS,debit
136095,OTRAS,debit
1365,CUENTAS POR COBRAR A TRABAJADORES,debit
136505,VIVIENDA,debit
136510,VEHICULOS,debit
136515,EDUCACION,debit
136520,"MEDICOS, ODONTOLOGICOS Y SIMILARES",debit
136525,CALAMIDAD DOMESTICA,debit
136530,RESPONSABILIDADES,debit
136595,OTROS,debit
1370,PRESTAMOS A PARTICULARES,debit
137005,CON GARANTIA REAL,debit
137010,CON GARANTIA PERSONAL,debit
1380,DEUDORES VARIOS,debit
138005,DEPOSITARIOS,debit
138010,COMISIONISTAS DE BOLSAS,debit
138015,FONDO DE INVERSION,debit
138020,CUENTAS POR COBRAR DE TERCEROS,debit
138025,PAGOS POR CUENTA DE TERCEROS,debit
138030,FONDOS DE INVERSION SOCIAL,debit
138095,OTROS,debit
1385,DERECHOS DE RECOMPRA DE CARTERA NEGOCIADA,debit
1390,DEUDAS DE DIFICIL COBRO,debit
1399,PROVISIONES,credit
139905,CLIENTES,credit
139910,CUENTAS CORRIENTES COMERCIALES,credit
139915,CUENTAS POR COBRAR A CASA MATRIZ,credit
139920,CUENTAS POR COBRAR A VINCULADOS ECONOMICOS,credit
139925,CUENTAS POR COBRAR A SOCIOS Y ACCIONISTAS,credit
139930,ANTICIPOS Y AVANCES,credit
139932,CUENTAS DE OPERACION CONJUNTA,credit
139935,DEPOSITOS,credit
139940,PROMESAS DE COMPRAVENTA,credit
139945,INGRESOS POR COBRAR,credit
139950,RETENCION SOBRE CONTRATOS,credit
139955,RECLAMACIONES,credit
139960,CUENTAS POR COBRAR A TRABAJADORES,credit
139965,PRESTAMOS A PARTICULARES,credit
139975,DEUDORES VARIOS,credit
139980,DERECHOS DE RECOMPRA DE CARTERA NEGOCIADA,credit
14,INVENTARIOS,debit
1405,MATERIAS PRIMAS,debit
140599,AJUSTES POR INFLACION,debit
1410,PRODUCTOS EN PROCESO,debit
141099,AJUSTES POR INFLACION,debit
1415,OBRAS DE CONSTRUCCION EN CURSO,debit
141599,AJUSTES POR INFLACION,debit
1417,OBRAS DE URBANISMO,debit
141799,AJUSTES POR INFLACION,debit
1420,CONTRATOS EN EJECUCION,debit
142099,AJUSTES POR INFLACION,debit
1425,CULTIVOS EN DESARROLLO,debit
142599,AJUSTES POR INFLACION,debit
1428,PLANTACIONES AGRICOLAS,debit
142899,AJUSTES POR INFLACION,debit
1430,PRODUCTOS TERMINADOS,debit
143005,PRODUCTOS MANUFACTURADOS,debit
143010,PRODUCTOS EXTRAIDOS Y/O PROCESADOS,debit
143015,PRODUCTOS AGRICOLAS Y FORESTALES,debit
143020,SUBPRODUCTOS,debit
143025,PRODUCTOS DE PESCA,debit
143099,AJUSTES POR INFLACION,debit
1435,MERCANCIAS NO FABRICADAS POR LA EMPRESA,debit
143599,AJUSTES POR INFLACION,debit
1440,BIENES RAICES PARA LA VENTA,debit
144099,AJUSTES POR INFLACION,debit
1445,SEMOVIENTES,debit
144505,ESPECIES MAYORES,debit
144510,ESPECIES MENORES,debit
144599,AJUSTES POR INFLACION,debit
1450,TERRENOS,debit
145005,POR URBANIZAR,debit
145010,URBANIZADOS POR CONSTRUIR,debit
145099,AJUSTES POR INFLACION,debit
1455,"MATERIALES, REPUESTOS Y ACCESORIOS",debit
145505,COMBUSTIBLES Y LUBRICANTES,debit
145510,ABONOS Y FERTILIZANTES,debit
145515,SEMILLAS TERMINADAS,debit
145520,FUNGICIDAS Y HERBICIDAS,debit
145525,MATERIALES Y REPUESTOS,debit
145530,LOZA Y CRISTALERIA,debit
145535,HERRAMIENTAS,debit
145540,MEDICINAS,debit
145545,ELEMENTOS HOSPITALARIOS,debit
145550,INSTRUMENTAL QUIRURGICO,debit
145555,DOTACION Y SUMINISTRO A TRABAJADORES,debit
145560,ELEMENTOS DE ROPERIA Y LENCERIA,debit
145595,OTROS,debit
145599,AJUSTES POR INFLACION,debit
1460,ENVASES Y EMPAQUES,debit
146099,AJUSTES POR INFLACION,debit
1465,INVENTARIOS EN TRANSITO,debit
146599,AJUSTES POR INFLACION,debit
1499,PROVISIONES,credit
149905,PARA OBSOLESCENCIA,credit
149910,PARA DIFERENCIA DE INVENTARIO FISICO,credit
149915,PARA PERDIDAS DE INVENTARIOS,credit
149920,LIFO,credit
15,PROPIEDADES PLANTA Y EQUIPO,debit
1504,TERRENOS,debit
150405,URBANOS,debit
150410,RURALES,debit
150499,AJUSTES POR INFLACION,debit
1506,MATERIALES PROYECTOS PETROLEROS,debit
150605,TUBERIAS Y EQUIPO,debit
150610,COSTOS DE IMPORTACION MATERIALES,debit
150615,PROYECTOS DE CONSTRUCCION,debit
150699,AJUSTES POR INFLACION,debit
1508,CONSTRUCCIONES EN CURSO,debit
150805,CONSTRUCCIONES Y EDIFICACIONES,debit
150810,ACUEDUCTOS PLANTAS Y REDES,debit
150815,VIAS DE COMUNICACION,debit
150820,POZOS ARTESIANOS,debit
150825,PROYECTOS DE EXPLORACION,debit
150830,PROYECTOS DE DESARROLLO,debit
150899,AJUSTES POR INFLACION,debit
1512,MAQUINARIA Y EQUIPOS EN MONTAJE,debit
151205,MAQUINARIA Y EQUIPO,debit
151210,EQUIPO DE OFICINA,debit
151215,EQUIPO DE COMPUTACION Y COMUNICACION,debit
151220,EQUIPO MEDICO-CIENTIFICO,debit
151225,EQUIPO DE HOTELES Y RESTAURANTES,debit
151230,FLOTA Y EQUIPO DE TRANSPORTE,debit
151235,FLOTA Y EQUIPO FLUVIAL Y/O MARITIMO,debit
151240,FLOTA Y EQUIPO AEREO,debit
151245,FLOTA Y EQUIPO FERREO,debit
151250,PLANTAS Y REDES,debit
151299,AJUSTES POR INFLACION,debit
1516,CONSTRUCCIONES Y EDIFICACIONES,debit
151605,EDIFICIOS,debit
151610,OFICINAS,debit
151615,ALMACENES,debit
151620,FABRICAS Y PLANTAS INDUSTRIALES,debit
151625,SALAS DE EXHIBICION Y VENTAS,debit
151630,CAFETERIA Y CASINOS,debit
151635,SILOS,debit
151640,INVERNADEROS,debit
151645,CASETAS Y CAMPAMENTOS,debit
151650,INSTALACIONES AGROPECUARIAS,debit
151655,VIVIENDAS PARA EMPLEADOS Y OBREROS,debit
151660,TERMINAL DE BUSES Y TAXIS,debit
151663,TERMINAL MARITIMO,debit
151665,TERMINAL FERREO,debit
151670,"PARQUEADEROS, GARAJES Y DEPOSITOS",debit
151675,HANGARES,debit
151680,BODEGAS,debit
151695,OTROS,debit
151699,AJUSTES POR INFLACION,debit
1520,MAQUINARIA Y EQUIPO,debit
152099,AJUSTES POR INFLACION,debit
1524,EQUIPO DE OFICINA,debit
152405,MUEBLES Y ENSERES,debit
152410,EQUIPOS,debit
152495,OTROS,debit
152499,AJUSTES POR INFLACION,debit
1528,EQUIPO DE COMPUTACION Y COMUNICACION,debit
152805,EQUIPOS DE PROCESAMIENTO DE DATOS,debit
152810,EQUIPOS DE TELECOMUNICACIONES,debit
152815,EQUIPOS DE RADIO,debit
152820,SATELITES Y ANTENAS,debit
152825,LINEAS TELEFONICAS,debit
152895,OTROS,debit
152899,AJUSTES POR INFLACION,debit
1532,EQUIPO MEDICO - CIENTIFICO,debit
153205,MEDICO,debit
153210,ODONTOLOGICO,debit
153215,LABORATORIO,debit
153220,INSTRUMENTAL,debit
153295,OTROS,debit
153299,AJUSTES POR INFLACION,debit
1536,EQUIPO DE HOTELES Y RESTAURANTES,debit
153605,DE HABITACIONES,debit
153610,DE COMESTIBLES Y BEBIDAS,debit
153695,OTROS,debit
153699,AJUSTES POR INFLACION,debit
1540,FLOTA Y EQUIPO DE TRANSPORTE,debit
154005,"AUTOS, CAMIONETAS Y CAMPEROS",debit
154008,"CAMIONES, VOLQUETAS Y FURGONES",debit
154010,TRACTOMULAS Y REMOLQUES,debit
154015,BUSES Y BUSETAS,debit
154017,RECOLECTORES Y CONTENEDORES,debit
154020,MONTACARGAS,debit
154025,PALAS Y GRUAS,debit
154030,MOTOCICLETAS,debit
154035,BICICLETAS,debit
154040,ESTIBAS Y CARRETAS,debit
154045,BANDAS TRANSPORTADORAS,debit
154095,OTROS,debit
154099,AJUSTES POR INFLACION,debit
1544,FLOTA Y EQUIPO FLUVIAL Y/O MARITIMO,debit
154405,BUQUES,debit
154410,LANCHAS,debit
154415,REMOLCADORAS,debit
154420,BOTES,debit
154425,BOYAS,debit
154430,AMARRES,debit
154435,CONTENEDORES Y CHASSISES,debit
154440,GABARRAS,debit
154495,OTROS,debit
154499,AJUSTES POR INFLACION,debit
1548,FLOTA Y EQUIPO AEREO,debit
154805,AVIONES,debit
154810,AVIONETAS,debit
154815,HELICOPTEROS,debit
154820,TURBINAS Y MOTORES,debit
154825,MANUALES DE ENTRENAMIENTO PERSONAL TECNICO,debit
154830,EQUIPOS DE VUELO,debit
154895,OTROS,debit
154899,AJUSTES POR INFLACION,debit
1552,FLOTA Y EQUIPO FERREO,debit
155205,LOCOMOTORAS,debit
155210,VAGONES,debit
155215,REDES FERREAS,debit
155295,OTROS,debit
155299,AJUSTES POR INFLACION,debit
1556,ACUEDUCTOS PLANTAS Y REDES,debit
155605,INSTALACIONES PARA AGUA Y ENERGIA,debit
155610,ACUEDUCTO ACEQUIAS Y CANALIZACIONES,debit
155615,PLANTAS DE GENERACION HIDRAULICA,debit
155620,PLANTAS DE GENERACION TERMICA,debit
155625,PLANTAS DE GENERACION A GAS,debit
155628,"PLANTAS DE GENERACION DIESEL, GASOLINA Y PETROLEO",debit
155630,PLANTAS DE DISTRIBUCION,debit
155635,PLANTAS DE TRANSMISION Y SUBESTACIONES,debit
155640,OLEODUCTOS,debit
155645,GASODUCTOS,debit
155647,POLIDUCTOS,debit
155650,REDES DE DISTRIBUCION,debit
155655,PLANTAS DE TRATAMIENTO,debit
155660,REDES DE RECOLECCION DE AGUAS NEGRAS,debit
155665,INSTALACIONES Y EQUIPO DE BOMBEO,debit
155670,REDES DE DISTRIBUCION DE VAPOR,debit
155675,REDES DE AIRE,debit
155680,REDES ALIMENTACION DE GAS,debit
155682,REDES EXTERNAS DE TELEFONIA,debit
155685,PLANTAS DESHIDRATADORAS,debit
155695,OTROS,debit
155699,AJUSTES POR INFLACION,debit
1560,ARMAMENTO DE VIGILANCIA,debit
156099,AJUSTES POR INFLACION,debit
1562,ENVASES Y EMPAQUES,debit
156299,AJUSTES POR INFLACION,debit
1564,PLANTACIONES AGRICOLAS Y FORESTALES,debit
156405,CULTIVOS EN DESARROLLO,debit
156410,CULTIVOS AMORTIZABLES,debit
156499,AJUSTES POR INFLACION,debit
1568,VIAS DE COMUNICACION,debit
156805,PAVIMENTACION Y PATIOS,debit
156810,VIAS,debit
156815,PUENTES,debit
156820,CALLES,debit
156825,AERODROMOS,debit
156895,OTROS,debit
156899,AJUSTES POR INFLACION,debit
1572,MINAS Y CANTERAS,debit
157205,MINAS,debit
157210,CANTERAS,debit
157299,AJUSTES POR INFLACION,debit
1576,POZOS ARTESIANOS,debit
157699,AJUSTES POR INFLACION,debit
1580,YACIMIENTOS,debit
158099,AJUSTES POR INFLACION,debit
1584,SEMOVIENTES,debit
158405,ESPECIES MENORES,debit
158410,ESPECIES MAYORES,debit
158499,AJUSTES POR INFLACION,debit
1588,PROPIEDADES PLANTA Y EQUIPO EN TRANSITO,debit
158805,MAQUINARIA Y EQUIPO,debit
158810,EQUIPO DE OFICINA,debit
158815,EQUIPO DE COMPUTACION Y COMUNICACION,debit
158820,EQUIPO MEDICO CIENTIFICO,debit
158825,EQUIPO DE HOTELES Y RESTAURANTES,debit
158830,FLOTA Y EQUIPO DE TRANSPORTE,debit
158835,FLOTA Y EQUIPO FLUVIAL Y/O MARITIMO,debit
158840,FLOTA Y EQUIPO AEREO,debit
158845,FLOTA Y EQUIPO FERREO,debit
158850,PLANTAS Y REDES,debit
158855,ARMAMENTO DE VIGILANCIA,debit
158860,SEMOVIENTES,debit
158865,ENVASES Y EMPAQUES,debit
158899,AJUSTES POR INFLACION,debit
1592,DEPRECIACION ACUMULADA,credit
159205,CONSTRUCCIONES Y EDIFICACIONES,credit
159210,MAQUINARIA Y EQUIPO,credit
159215,EQUIPO DE OFICINA,credit
159220,EQUIPO DE COMPUTACION Y COMUNICACION,credit
159225,EQUIPO MEDICO CIENTIFICO,credit
159230,EQUIPO DE HOTELES Y RESTAURANTES,credit
159235,FLOTA Y EQUIPO DE TRANSPORTE,credit
159240,FLOTA Y EQUIPO FLUVIAL Y/O MARITIMO,credit
159245,FLOTA Y EQUIPO AEREO,credit
159250,FLOTA Y EQUIPO FERREO,credit
159255,ACUEDUCTOS PLANTAS Y REDES,credit
159260,ARMAMENTO DE VIGILANCIA,credit
159265,ENVASES Y EMPAQUES,credit
159299,AJUSTES POR INFLACION,credit
1596,DEPRECIACION DIFERIDA,debit
159605,EXCESO FISCAL SOBRE LA CONTABLE,debit
159610,DEFECTO FISCAL SOBRE LA CONTABLE (CR),credit
159699,AJUSTES POR INFLACION,debit
1597,AMORTIZACION ACUMULADA,credit
159705,PLANTACIONES AGRICOLAS Y FORESTALES,credit
159710,VIAS DE COMUNICACION,credit
159715,SEMOVIENTES,credit
159799,AJUSTES POR INFLACION,credit
1598,AGOTAMIENTO ACUMULADO,credit
159805,MINAS Y CANTERAS,credit
159815,POZOS ARTESIANOS,credit
159820,YACIMIENTOS,credit
159899,AJUSTES POR INFLACION,credit
1599,PROVISIONES,credit
159904,TERRENOS,credit
159906,MATERIALES PROYECTOS PETROLEROS,credit
159908,CONSTRUCCIONES EN CURSO,credit
159912,MAQUINARIA EN MONTAJE,credit
159916,CONSTRUCCIONES Y EDIFICACIONES,credit
159920,MAQUINARIA Y EQUIPO,credit
159924,EQUIPO DE OFICINA,credit
159928,EQUIPO DE COMPUTACION Y COMUNICACION,credit
159932,EQUIPO MEDICO CIENTIFICO,credit
159936,EQUIPO DE HOTELES Y RESTAURANTES,credit
159940,FLOTA Y EQUIPO DE TRANSPORTE,credit
159944,FLOTA Y EQUIPO FLUVIAL Y/O MARITIMO,credit
159948,FLOTA Y EQUIPO AEREO,credit
159952,FLOTA Y EQUIPO FERREO,credit
159956,"ACUEDUCTOS, PLANTAS Y REDES",credit
159960,ARMAMENTO DE VIGILANCIA,credit
159962,ENVASES Y EMPAQUES,credit
159964,PLANTACIONES AGRICOLAS Y FORESTALES,credit
159968,VIAS DE COMUNICACION,credit
159972,MINAS Y CANTERAS,credit
159980,POZOS ARTESIANOS,credit
159984,YACIMIENTOS,credit
159988,SEMOVIENTES,credit
159992,PROPIEDADES PLANTA Y EQUIPO EN TRANSITO,credit
16,INTANGIBLES,debit
1605,CREDITO MERCANTIL,debit
160505,FORMADO O ESTIMADO,debit
160510,ADQUIRIDO O COMPRADO,debit
160599,AJUSTES POR INFLACION,debit
1610,MARCAS,debit
161005,ADQUIRIDAS,debit
161010,FORMADAS,debit
161099,AJUSTES POR INFLACION,debit
1615,PATENTES,debit
161505,ADQUIRIDAS,debit
161510,FORMADAS,debit
161599,AJUSTES POR INFLACION,debit
1620,CONCESIONES Y FRANQUICIAS,debit
162005,CONCESIONES,debit
162010,FRANQUICIAS,debit
162099,AJUSTES POR INFLACION,debit
1625,DERECHOS,debit
162505,DERECHOS DE AUTOR,debit
162510,PUESTO DE BOLSA,debit
162515,EN FIDEICOMISOS INMOBILIARIOS,debit
162520,EN FIDEICOMISOS DE GARANTIA,debit
162525,EN FIDEICOMISOS DE ADMINISTRACION,debit
162530,DE EXHIBICION – PELICULAS,debit
162535,EN BIENES RECIBIDOS EN ARRENDAMIENTO FINANCIERO (LEASING),debit
162595,OTROS,debit
162599,AJUSTES POR INFLACION,debit
1630,KNOW HOW,debit
163099,AJUSTES POR INFLACION,debit
1635,LICENCIAS,debit
163599,AJUSTES POR INFLACION,debit
1698,DEPRECIACION Y/O AMORTIZACION ACUMULADA,credit
169805,CREDITO MERCANTIL,credit
169810,MARCAS,credit
169815,PATENTES,credit
169820,CONCESIONES Y FRANQUICIAS,credit
169830,DERECHOS,credit
169835,KNOW HOW,credit
169840,LICENCIAS,credit
169899,AJUSTES POR INFLACION,credit
1699,PROVISIONES,credit
17,DIFERIDOS,debit
1705,GASTOS PAGADOS POR ANTICIPADO,debit
170505,INTERESES,debit
170510,HONORARIOS,debit
170515,COMISIONES,debit
170520,SEGUROS Y FIANZAS,debit
170525,ARRENDAMIENTOS,debit
170530,BODEGAJES,debit
170535,MANTENIMIENTO EQUIPOS,debit
170540,SERVICIOS,debit
170545,SUSCRIPCIONES,debit
170595,OTROS,debit
1710,CARGOS DIFERIDOS,debit
171004,ORGANIZACION Y PREOPERATIVOS,debit
171008,REMODELACIONES,debit
171012,"ESTUDIOS, INVESTIGACIONES Y PROYECTOS",debit
171016,PROGRAMAS PARA COMPUTADOR (SOFTWARE),debit
171020,UTILES Y PAPELERIA,debit
171024,MEJORAS A PROPIEDADES AJENAS,debit
171028,CONTRIBUCIONES Y AFILIACIONES,debit
171032,ENTRENAMIENTO DE PERSONAL,debit
171036,FERIAS Y EXPOSICIONES,debit
171040,LICENCIAS,debit
171044,"PUBLICIDAD, PROPAGANDA Y PROMOCION",debit
171048,ELEMENTOS DE ASEO Y CAFETERIA,debit
171052,MOLDES Y TROQUELES,debit
171056,INSTRUMENTAL QUIRURGICO,debit
171060,DOTACION Y SUMINISTRO A TRABAJADORES,debit
171064,ELEMENTOS DE ROPERIA Y LENCERIA,debit
171068,LOZA Y CRISTALERIA,debit
171069,PLATERIA,debit
171070,CUBIERTERIA,debit
171076,"IMPUESTO DE RENTA DIFERIDO ""DEBITOS"" POR DIFERENCIAS TEMPORALES",debit
171080,CONCURSOS Y LICITACIONES,debit
171095,OTROS,debit
171099,AJUSTES POR INFLACION,debit
1715,COSTOS DE EXPLORACION POR AMORTIZAR,debit
171505,POZOS SECOS,debit
171510,POZOS NO COMERCIALES,debit
171515,OTROS COSTOS DE EXPLORACION,debit
171599,AJUSTES POR INFLACION,debit
1720,COSTOS DE EXPLOTACION Y DESARROLLO,debit
172005,PERFORACION Y EXPLOTACION,debit
172010,PERFORACIONES CAMPOS EN DESARROLLO,debit
172015,FACILIDADES DE PRODUCCION,debit
172020,SERVICIO A POZOS,debit
172099,AJUSTES POR INFLACION,debit
1730,CARGOS POR CORRECCION MONETARIA DIFERIDA,debit
1798,AMORTIZACION ACUMULADA,credit
179805,COSTOS DE EXPLORACION POR AMORTIZAR,credit
179810,COSTOS DE EXPLOTACION Y DESARROLLO,credit
179899,AJUSTES POR INFLACION,credit
18,OTROS ACTIVOS,debit
1805,BIENES DE ARTE Y CULTURA,debit
180505,OBRAS DE ARTE,debit
180510,BIBLIOTECAS,debit
180595,OTROS,debit
180599,AJUSTES POR INFLACION,debit
1895,DIVERSOS,debit
189505,MAQUINAS PORTEADORAS,debit
189510,BIENES ENTREGADOS EN COMODATO,debit
189515,AMORTIZACION ACUMULADA DE BIENES ENTREGADOS EN COMODATO (CR),credit
189520,BIENES RECIBIDOS EN PAGO,debit
189525,DERECHOS SUCESORALES,debit
189530,ESTAMPILLAS,debit
189595,OTROS,debit
189599,AJUSTES POR INFLACION,debit
1899,PROVISIONES,credit
189905,BIENES DE ARTE Y CULTURA,credit
189995,DIVERSOS,credit
19,VALORIZACIONES,debit
1905,DE INVERSIONES,debit
190505,ACCIONES,debit
190510,CUOTAS O PARTES DE INTERES SOCIAL,debit
190515,DERECHOS FIDUCIARIOS,debit
1910,DE PROPIEDADES PLANTA Y EQUIPO,debit
191004,TERRENOS,debit
191006,MATERIALES PROYECTOS PETROLEROS,debit
191008,CONSTRUCCIONES Y EDIFICACIONES,debit
191012,MAQUINARIA Y EQUIPO,debit
191016,EQUIPO DE OFICINA,debit
191020,EQUIPO DE COMPUTACION Y COMUNICACION,debit
191024,EQUIPO MEDICO CIENTIFICO,debit
191028,EQUIPO DE HOTELES Y RESTAURANTES,debit
191032,FLOTA Y EQUIPO DE TRANSPORTE,debit
191036,FLOTA Y EQUIPO FLUVIAL Y/O MARITIMO,debit
191040,FLOTA Y EQUIPO AEREO,debit
191044,FLOTA Y EQUIPO FERREO,debit
191048,ACUEDUCTOS PLANTAS Y REDES,debit
191052,ARMAMENTO DE VIGILANCIA,debit
191056,ENVASES Y EMPAQUES,debit
191060,PLANTACIONES AGRICOLAS Y FORESTALES,debit
191064,VIAS DE COMUNICACION,debit
191068,MINAS Y CANTERAS,debit
191072,POZOS ARTESIANOS,debit
191076,YACIMIENTOS,debit
191080,SEMOVIENTES,debit
1995,DE OTROS ACTIVOS,debit
199505,BIENES DE ARTE Y CULTURA,debit
199510,BIENES ENTREGADOS EN COMODATO,debit
199515,BIENES RECIBIDOS EN PAGO,debit
199520,INVENTARIO DE SEMOVIENTES,debit
2,PASIVO,credit
21,OBLIGACIONES FINANCIERAS,credit
2105,BANCOS NACIONALES,credit
210505,SOBREGIROS,credit
210510,PAGARES,credit
210515,CARTAS DE CREDITO,credit
210520,ACEPTACIONES BANCARIAS,credit
2110,BANCOS DEL EXTERIOR,credit
211005,SOBREGIROS,credit
211010,PAGARES,credit
211015,CARTAS DE CREDITO,credit
211020,ACEPTACIONES BANCARIAS,credit
2115,CORPORACIONES FINANCIERAS,credit
211505,PAGARES,credit
211510,ACEPTACIONES FINANCIERAS,credit
211515,CARTAS DE CREDITO,credit
211520,CONTRATOS DE ARRENDAMIENTO FINANCIERO (LEASING),credit
2120,COMPAÑIAS DE FINANCIAMIENTO COMERCIAL,credit
212005,PAGARES,credit
212010,ACEPTACIONES FINANCIERAS,credit
212020,CONTRATOS DE ARRENDAMIENTO FINANCIERO (LEASING),credit
2125,CORPORACIONES DE AHORRO Y VIVIENDA,credit
212505,SOBREGIROS,credit
212510,PAGARES,credit
212515,HIPOTECARIAS,credit
2130,ENTIDADES FINANCIERAS DEL EXTERIOR,credit
2135,COMPROMISOS DE RECOMPRA DE INVERSIONES NEGOCIADAS,credit
213505,ACCIONES,credit
213510,CUOTAS O PARTES DE INTERES SOCIAL,credit
213515,BONOS,credit
213520,CEDULAS,credit
213525,CERTIFICADOS,credit
213530,PAPELES COMERCIALES,credit
213535,TITULOS,credit
213540,ACEPTACIONES BANCARIAS O FINANCIERAS,credit
213595,OTROS,credit
2140,COMPROMISOS DE RECOMPRA DE CARTERA NEGOCIADA,credit
2145,OBLIGACIONES GUBERNAMENTALES,credit
214505,GOBIERNO NACIONAL,credit
214510,ENTIDADES OFICIALES,credit
2195,OTRAS OBLIGACIONES,credit
219505,PARTICULARES,credit
219510,COMPAÑIAS VINCULADAS,credit
219515,CASA MATRIZ,credit
219520,SOCIOS O ACCIONISTAS,credit
219525,FONDOS Y COOPERATIVAS,credit
219530,DIRECTORES,credit
219595,OTRAS,credit
22,PROVEEDORES,credit
2205,NACIONALES,credit
2210,DEL EXTERIOR,credit
2215,CUENTAS CORRIENTES COMERCIALES,credit
2220,CASA MATRIZ,credit
2225,COMPAÑIAS VINCULADAS,credit
23,CUENTAS POR PAGAR,credit
2305,CUENTAS CORRIENTES COMERCIALES,credit
2310,A CASA MATRIZ,credit
2315,A COMPAÑIAS VINCULADAS,credit
2320,A CONTRATISTAS,credit
2330,ORDENES DE COMPRA POR UTILIZAR,credit
2335,COSTOS Y GASTOS POR PAGAR,credit
233505,GASTOS FINANCIEROS,credit
233510,GASTOS LEGALES,credit
233515,"LIBROS, SUSCRIPCIONES, PERIODICOS Y REVISTAS",credit
233520,COMISIONES,credit
233525,HONORARIOS,credit
233530,SERVICIOS TECNICOS,credit
233535,SERVICIOS DE MANTENIMIENTO,credit
233540,ARRENDAMIENTOS,credit
233545,"TRANSPORTES, FLETES Y ACARREOS",credit
233550,SERVICIOS PUBLICOS,credit
233555,SEGUROS,credit
233560,GASTOS DE VIAJE,credit
233565,GASTOS DE REPRESENTACION Y RELACIONES PUBLICAS,credit
233570,SERVICIOS ADUANEROS,credit
233595,OTROS,credit
2340,INSTALAMENTOS POR PAGAR,credit
2345,ACREEDORES OFICIALES,credit
2350,REGALIAS POR PAGAR,credit
2355,DEUDAS CON ACCIONISTAS O SOCIOS,credit
235505,ACCIONISTAS,credit
235510,SOCIOS,credit
2357,DEUDAS CON DIRECTORES,credit
2360,DIVIDENDOS O PARTICIPACIONES POR PAGAR,credit
236005,DIVIDENDOS,credit
236010,PARTICIPACIONES,credit
2365,RETENCION EN LA FUENTE,credit
236505,SALARIOS Y PAGOS LABORALES,credit
236510,DIVIDENDOS Y/O PARTICIPACIONES,credit
236515,HONORARIOS,credit
236520,COMISIONES,credit
236525,SERVICIOS,credit
236530,ARRENDAMIENTOS,credit
236535,RENDIMIENTOS FINANCIEROS,credit
236540,COMPRAS,credit
236545,"LOTERIAS, RIFAS, APUESTAS Y SIMILARES",credit
236550,POR PAGOS AL EXTERIOR,credit
236555,POR INGRESOS OBTENIDOS EN EL EXTERIOR,credit
236560,ENAJENACION PROPIEDADES PLANTA Y EQUIPO PERSONAS NATURALES,credit
236565,POR IMPUESTO DE TIMBRE,credit
236570,OTRAS RETENCIONES Y PATRIMONIO,credit
236575,AUTORRETENCIONES,credit
2367,IMPUESTO A LAS VENTAS RETENIDO,credit
2368,IMPUESTO DE INDUSTRIA Y COMERCIO RETENIDO,credit
2370,RETENCIONES Y APORTES DE NOMINA,credit
237005,APORTES A ENTIDADES PROMOTORAS DE SALUD EPS,credit
237006,APORTES A ADMINISTRADORAS DE RIESGOS PROFESIONALES ARP,credit
237010,"APORTES AL I.C.B.F., SENA Y CAJAS DE COMPENSACION",credit
237015,APORTES AL F.I.C.,credit
237025,EMBARGOS JUDICIALES,credit
237030,LIBRANZAS,credit
237035,SINDICATOS,credit
237040,COOPERATIVAS,credit
237045,FONDOS,credit
237095,OTROS,credit
2375,CUOTAS POR DEVOLVER,credit
2380,ACREEDORES VARIOS,credit
238005,DEPOSITARIOS,credit
238010,COMISIONISTAS DE BOLSAS,credit
238015,SOCIEDAD ADMINISTRADORA - FONDOS DE INVERSION,credit
238020,REINTEGROS POR PAGAR,credit
238025,FONDO DE PERSEVERANCIA,credit
238030,FONDOS DE CESANTIAS Y/O PENSIONES,credit
238035,DONACIONES ASIGNADAS POR PAGAR,credit
238095,OTROS,credit
24,"IMPUESTOS, GRAVAMENES Y TASAS",credit
2404,DE RENTA Y COMPLEMENTARIOS,credit
240405,VIGENCIA FISCAL CORRIENTE,credit
240410,VIGENCIAS FISCALES ANTERIORES,credit
2408,IMPUESTO SOBRE LAS VENTAS POR PAGAR,credit
2412,DE INDUSTRIA Y COMERCIO,credit
241205,VIGENCIA FISCAL CORRIENTE,credit
241210,VIGENCIAS FISCALES ANTERIORES,credit
2416,A LA PROPIEDAD RAIZ,credit
2420,DERECHOS SOBRE INSTRUMENTOS PUBLICOS,credit
2424,DE VALORIZACION,credit
242405,VIGENCIA FISCAL CORRIENTE,credit
242410,VIGENCIAS FISCALES ANTERIORES,credit
2428,DE TURISMO,credit
2432,TASA POR UTILIZACION DE PUERTOS,credit
2436,DE VEHICULOS,credit
243605,VIGENCIA FISCAL CORRIENTE,credit
243610,VIGENCIAS FISCALES ANTERIORES,credit
2440,DE ESPECTACULOS PUBLICOS,credit
2444,DE HIDROCARBUROS Y MINAS,credit
244405,DE HIDROCARBUROS,credit
244410,DE MINAS,credit
2448,REGALIAS E IMPUESTOS A LA PEQUEÑA Y MEDIANA MINERIA,credit
2452,A LAS EXPORTACIONES CAFETERAS,credit
2456,A LAS IMPORTACIONES,credit
2460,CUOTAS DE FOMENTO,credit
2464,"DE LICORES, CERVEZAS Y CIGARRILLOS",credit
246405,DE LICORES,credit
246410,DE CERVEZAS,credit
246415,DE CIGARRILLOS,credit
2468,AL SACRIFICIO DE GANADO,credit
2472,AL AZAR Y JUEGOS,credit
2476,GRAVAMENES Y REGALIAS POR UTILIZACION DEL SUELO,credit
2495,OTROS,credit
25,OBLIGACIONES LABORALES,credit
2505,SALARIOS POR PAGAR,credit
2510,CESANTIAS CONSOLIDADAS,credit
251005,LEY LABORAL ANTERIOR,credit
251010,LEY 50 DE 1990 Y NORMAS POSTERIORES,credit
2515,INTERESES SOBRE CESANTIAS,credit
2520,PRIMA DE SERVICIOS,credit
2525,VACACIONES CONSOLIDADAS,credit
2530,PRESTACIONES EXTRALEGALES,credit
253005,PRIMAS,credit
253010,AUXILIOS,credit
253015,DOTACION Y SUMINISTRO A TRABAJADORES,credit
253020,BONIFICACIONES,credit
253025,SEGUROS,credit
253095,OTRAS,credit
2532,PENSIONES POR PAGAR,credit
2535,CUOTAS PARTES PENSIONES DE JUBILACION,credit
2540,INDEMNIZACIONES LABORALES,credit
26,PASIVOS ESTIMADOS Y PROVISIONES,credit
2605,PARA COSTOS Y GASTOS,credit
260505,INTERESES,credit
260510,COMISIONES,credit
260515,HONORARIOS,credit
260520,SERVICIOS TECNICOS,credit
260525,"TRANSPORTES, FLETES Y ACARREOS",credit
260530,GASTOS DE VIAJE,credit
260535,SERVICIOS PUBLICOS,credit
260540,REGALIAS,credit
260545,GARANTIAS,credit
260550,MATERIALES Y REPUESTOS,credit
260595,OTROS,credit
2610,PARA OBLIGACIONES LABORALES,credit
261005,CESANTIAS,credit
261010,INTERESES SOBRE CESANTIAS,credit
261015,VACACIONES,credit
261020,PRIMA DE SERVICIOS,credit
261025,PRESTACIONES EXTRALEGALES,credit
261030,VIATICOS,credit
261095,OTRAS,credit
2615,PARA OBLIGACIONES FISCALES,credit
261505,DE RENTA Y COMPLEMENTARIOS,credit
261510,DE INDUSTRIA Y COMERCIO,credit
261515,TASA POR UTILIZACION DE PUERTOS,credit
261520,DE VEHICULOS,credit
261525,DE HIDROCARBUROS Y MINAS,credit
261595,OTROS,credit
2620,PENSIONES DE JUBILACION,credit
262005,CALCULO ACTUARIAL PENSIONES DE JUBILACION,credit
262010,PENSIONES DE JUBILACION POR AMORTIZAR (DB),debit
2625,PARA OBRAS DE URBANISMO,credit
262505,ACUEDUCTO Y ALCANTARILLADO,credit
262510,ENERGIA ELECTRICA,credit
262515,TELEFONOS,credit
262595,OTROS,credit
2630,PARA MANTENIMIENTO Y REPARACIONES,credit
263005,TERRENOS,credit
263010,CONSTRUCCIONES Y EDIFICACIONES,credit
263015,MAQUINARIA Y EQUIPO,credit
263020,EQUIPO DE OFICINA,credit
263025,EQUIPO DE COMPUTACION Y COMUNICACION,credit
263030,EQUIPO MEDICO - CIENTIFICO,credit
263035,EQUIPO DE HOTELES Y RESTAURANTES,credit
263040,FLOTA Y EQUIPO DE TRANSPORTE,credit
263045,FLOTA Y EQUIPO FLUVIAL Y/O MARITIMO,credit
263050,FLOTA Y EQUIPO AEREO,credit
263055,FLOTA Y EQUIPO FERREO,credit
263060,ACUEDUCTOS PLANTAS Y REDES,credit
263065,ARMAMENTO DE VIGILANCIA,credit
263070,ENVASES Y EMPAQUES,credit
263075,PLANTACIONES AGRICOLAS Y FORESTALES,credit
263080,VIAS DE CUMUNICACION,credit
263085,POZOS ARTESIANOS,credit
263095,OTROS,credit
2635,PARA CONTINGENCIAS,credit
263505,MULTAS Y SANCIONES AUTORIDADES ADMINISTRATIVAS,credit
263510,INTERESES POR MULTAS Y SANCIONES,credit
263515,RECLAMOS,credit
263520,LABORALES,credit
263525,CIVILES,credit
263530,PENALES,credit
263535,ADMINISTRATIVOS,credit
263540,COMERCIALES,credit
263595,OTRAS,credit
2640,PARA OBLIGACIONES DE GARANTIAS,credit
2695,PROVISIONES DIVERSAS,credit
269505,PARA BENEFICENCIA,credit
269510,PARA COMUNICACIONES,credit
269515,PARA PERDIDA EN TRANSPORTE,credit
269520,PARA OPERACION,credit
269525,PARA PROTECCION DE BIENES AGOTABLES,credit
269530,PARA AJUSTES EN REDENCION DE UNIDADES,credit
269535,AUTOSEGURO,credit
269540,PLANES Y PROGRAMAS DE REFORESTACION Y ELECTRIFICACION,credit
269595,OTRAS,credit
27,DIFERIDOS,credit
2705,INGRESOS RECIBIDOS POR ANTICIPADO,credit
270505,INTERESES,credit
270510,COMISIONES,credit
270515,ARRENDAMIENTOS,credit
270520,HONORARIOS,credit
270525,SERVICIOS TECNICOS,credit
270530,DE SUSCRIPTORES,credit
270535,"TRANSPORTES, FLETES Y ACARREOS",credit
270540,MERCANCIA EN TRANSITO YA VENDIDA,credit
270545,MATRICULAS Y PENSIONES,credit
270550,CUOTAS DE ADMINISTRACION,credit
270595,OTROS,credit
2710,ABONOS DIFERIDOS,credit
271005,REAJUSTE DEL SISTEMA,credit
2715,UTILIDAD DIFERIDA EN VENTAS A PLAZOS,credit
2720,CREDITO POR CORRECCION MONETARIA DIFERIDA,credit
2725,IMPUESTOS DIFERIDOS,credit
272505,POR DEPRECIACION FLEXIBLE,credit
272595,DIVERSOS,credit
272599,AJUSTES POR INFLACION,credit
28,OTROS PASIVOS,credit
2805,ANTICIPOS Y AVANCES RECIBIDOS,credit
280505,DE CLIENTES,credit
280510,SOBRE CONTRATOS,credit
280515,PARA OBRAS EN PROCESO,credit
280595,OTROS,credit
2810,DEPOSITOS RECIBIDOS,credit
281005,PARA FUTURA SUSCRIPCION DE ACCIONES,credit
281010,PARA FUTURO PAGO DE CUOTAS O DERECHOS SOCIALES,credit
281015,PARA GARANTIA EN LA PRESTACION DE SERVICIOS,credit
281020,PARA GARANTIA DE CONTRATOS,credit
281025,DE LICITACIONES,credit
281030,DE MANEJO DE BIENES,credit
281035,FONDO DE RESERVA,credit
281095,OTROS,credit
2815,INGRESOS RECIBIDOS PARA TERCEROS,credit
281505,VALORES RECIBIDOS PARA TERCEROS,credit
281510,VENTA POR CUENTA DE TERCEROS,credit
2820,CUENTAS DE OPERACION CONJUNTA,credit
2825,RETENCIONES A TERCEROS SOBRE CONTRATOS,credit
282505,CUMPLIMIENTO OBLIGACIONES LABORALES,credit
282510,PARA ESTABILIDAD DE OBRA,credit
282515,GARANTIA CUMPLIMIENTO DE CONTRATOS,credit
2830,EMBARGOS JUDICIALES,credit
283005,INDEMNIZACIONES,credit
283010,DEPOSITOS JUDICIALES,credit
2835,ACREEDORES DEL SISTEMA,credit
283505,CUOTAS NETAS,credit
283510,GRUPOS EN FORMACION,credit
2840,CUENTAS EN PARTICIPACION,credit
2895,DIVERSOS,credit
289505,PRESTAMOS DE PRODUCTOS,credit
289510,REEMBOLSO DE COSTOS EXPLORATORIOS,credit
289515,PROGRAMA DE EXTENSION AGROPECUARIA,credit
29,BONOS Y PAPELES COMERCIALES,credit
2905,BONOS EN CIRCULACION,credit
2910,BONOS OBLIGATORIAMENTE CONVERTIBLES EN ACCIONES,credit
2915,PAPELES COMERCIALES,credit
2920,BONOS PENSIONALES,credit
292005,VALOR BONOS PENSIONALES,credit
292010,BONOS PENSIONALES POR AMORTIZAR (DB),debit
292015,INTERESES CAUSADOS SOBRE BONOS PENSIONALES,credit
2925,TITULOS PENSIONALES,credit
292505,VALOR TITULOS PENSIONALES,credit
292510,TITULOS PENSIONALES POR AMORTIZAR (DB),debit
292515,INTERESES CAUSADOS SOBRE TITULOS PENSIONALES,credit
3,PATRIMONIO,credit
31,CAPITAL SOCIAL,credit
3105,CAPITAL SUSCRITO Y PAGADO,credit
310505,CAPITAL AUTORIZADO,credit
310510,CAPITAL POR SUSCRIBIR (DB),debit
310515,CAPITAL SUSCRITO POR COBRAR (DB),debit
3115,APORTES SOCIALES,credit
311505,CUOTAS O PARTES DE INTERES SOCIAL,credit
311510,APORTES DE SOCIOS - FONDO MUTUO DE INVERSION,credit
311515,CONTRIBUCION DE LA EMPRESA - FONDO MUTUO DE INVERSION,credit
311520,SUSCRIPCIONES DEL PUBLICO,credit
3120,CAPITAL ASIGNADO,credit
3125,INVERSION SUPLEMENTARIA AL CAPITAL ASIGNADO,credit
3130,CAPITAL DE PERSONAS NATURALES,credit
3135,APORTES DEL ESTADO,credit
3140,FONDO SOCIAL,credit
32,SUPERAVIT DE CAPITAL,credit
3205,"PRIMA EN COLOCACION DE ACCIONES, CUOTAS O PARTES DE INTERES SOCIAL",credit
320505,PRIMA EN COLOCACION DE ACCIONES,credit
320510,PRIMA EN COLOCACION DE ACCIONES POR COBRAR (DB),debit
320515,PRIMA EN COLOCACION DE CUOTAS O PARTES DE INTERES SOCIAL,credit
3210,DONACIONES,credit
321005,EN DINERO,credit
321010,EN VALORES MOBILIARIOS,credit
321015,EN BIENES MUEBLES,credit
321020,EN BIENES INMUEBLES,credit
321025,EN INTANGIBLES,credit
3215,CREDITO MERCANTIL,credit
3220,KNOW HOW,credit
3225,SUPERAVIT METODO DE PARTICIPACION,credit
322505,DE ACCIONES,credit
322510,DE CUOTAS O PARTES DE INTERES SOCIAL,credit
33,RESERVAS,credit
3305,RESERVAS OBLIGATORIAS,credit
330505,RESERVA LEGAL,credit
330510,RESERVAS POR DISPOSICIONES FISCALES,credit
330515,RESERVA PARA READQUISICION DE ACCIONES,credit
330516,ACCIONES PROPIAS READQUIRIDAS (DB),debit
330517,RESERVA PARA READQUISICION DE CUOTAS O PARTES DE INTERES SOCIAL,credit
330518,CUOTAS O PARTES DE INTERES SOCIAL PROPIAS READQUIRIDAS (DB),debit
330520,RESERVA PARA EXTENSION AGROPECUARIA,credit
330525,RESERVA LEY 7a. DE 1990,credit
330530,RESERVA PARA REPOSICION DE SEMOVIENTES,credit
330535,RESERVA LEY 4a DE 1980,credit
330595,OTRAS,credit
3310,RESERVAS ESTATUTARIAS,credit
331005,PARA FUTURAS CAPITALIZACIONES,credit
331010,PARA REPOSICION DE ACTIVOS,credit
331015,PARA FUTUROS ENSANCHES,credit
331095,OTRAS,credit
3315,RESERVAS OCASIONALES,credit
331505,PARA BENEFICENCIA Y CIVISMO,credit
331510,PARA FUTURAS CAPITALIZACIONES,credit
331515,PARA FUTUROS ENSANCHES,credit
331520,PARA ADQUISICION O REPOSICION DE PROPIEDADES PLANTA Y EQUIPO,credit
331525,PARA INVESTIGACIONES Y DESARROLLO,credit
331530,PARA FOMENTO ECONOMICO,credit
331535,PARA CAPITAL DE TRABAJO,credit
331540,PARA ESTABILIZACION DE RENDIMIENTOS,credit
331545,A DISPOSICION DEL MAXIMO ORGANO SOCIAL,credit
331595,OTRAS,credit
34,REVALORIZACION DEL PATRIMONIO,credit
3405,AJUSTES POR INFLACION,credit
340505,DE CAPITAL SOCIAL,credit
340510,DE SUPERAVIT DE CAPITAL,credit
340515,DE RESERVAS,credit
340520,DE RESULTADOS DE EJERCICIOS ANTERIORES,credit
340525,DE ACTIVOS EN PERIODO IMPRODUCTIVO,credit
340530,DE SANEAMIENTO FISCAL,credit
340535,DE AJUSTES DECRETO 3019 DE 1989,credit
340540,"DE DIVIDENDOS Y PARTICIPACIONES DECRETADAS EN ACCIONES, CUOTAS O PARTES DE INTERES SOCIAL",credit
340545,SUPERAVIT METODO DE PARTICIPACION,credit
3410,SANEAMIENTO FISCAL,credit
3415,AJUSTES POR INFLACION DECRETO 3019 DE 1989,credit
35,"DIVIDENDOS O PARTICIPACIONES DECRETADOS EN ACCIONES, CUOTAS O PARTES DE INTERES SOCIAL",credit
3505,DIVIDENDOS DECRETADOS EN ACCIONES,credit
3510,PARTICIPACIONES DECRETADAS EN CUOTAS O PARTES DE INTERES SOCIAL,credit
36,RESULTADOS DEL EJERCICIO,credit
3605,UTILIDAD DEL EJERCICIO,credit
3610,PERDIDA DEL EJERCICIO,credit
37,RESULTADOS DE EJERCICIOS ANTERIORES,credit
3705,UTILIDADES ACUMULADAS,credit
3710,PERDIDAS ACUMULADAS,credit
38,SUPERAVIT POR VALORIZACIONES,credit
3805,DE INVERSIONES,credit
380505,ACCIONES,credit
380510,CUOTAS O PARTES DE INTERES SOCIAL,credit
380515,DERECHOS FIDUCIARIOS,credit
3810,DE PROPIEDADES PLANTA Y EQUIPO,credit
381004,TERRENOS,credit
381006,MATERIALES PROYECTOS PETROLEROS,credit
381008,CONSTRUCCIONES Y EDIFICACIONES,credit
381012,MAQUINARIA Y EQUIPO,credit
381016,EQUIPO DE OFICINA,credit
381020,EQUIPO DE COMPUTACION Y COMUNICACION,credit
381024,EQUIPO MEDICO CIENTIFICO,credit
381028,EQUIPO DE HOTELES Y RESTAURANTES,credit
381032,FLOTA Y EQUIPO DE TRANSPORTE,credit
381036,FLOTA Y EQUIPO FLUVIAL Y/O MARITIMO,credit
381040,FLOTA Y EQUIPO AEREO,credit
381044,FLOTA Y EQUIPO FERREO,credit
381048,ACUEDUCTOS PLANTAS Y REDES,credit
381052,ARMAMENTO DE VIGILANCIA,credit
381056,ENVASES Y EMPAQUES,credit
381060,PLANTACIONES AGRICOLAS Y FORESTALES,credit
381064,VIAS DE COMUNICACION,credit
381068,MINAS Y CANTERAS,credit
381072,POZOS ARTESIANOS,credit
381076,YACIMIENTOS,credit
381080,SEMOVIENTES,credit
3895,DE OTROS ACTIVOS,credit
389505,BIENES DE ARTE Y CULTURA,credit
389510,BIENES ENTREGADOS EN COMODATO,credit
389515,BIENES RECIBIDOS EN PAGO,credit
389520,INVENTARIO DE SEMOVIENTES,credit
4,INGRESOS,credit
41,OPERACIONALES,credit
4105,"AGRICULTURA, GANADERIA, CAZA Y SILVICULTURA",credit
410505,CULTIVO DE CEREALES,credit
410510,"CULTIVOS DE HORTALIZAS, LEGUMBRES Y PLANTAS ORNAMENTALES",credit
410515,"CULTIVOS DE FRUTAS, NUECES Y PLANTAS AROMATICAS",credit
410520,CULTIVO DE CAFE,credit
410525,CULTIVO DE FLORES,credit
410530,CULTIVO DE CAÑA DE AZUCAR,credit
410535,CULTIVO DE ALGODON Y PLANTAS PARA MATERIAL TEXTIL,credit
410540,CULTIVO DE BANANO,credit
410545,OTROS CULTIVOS AGRICOLAS,credit
410550,"CRIA DE OVEJAS, CABRAS, ASNOS, MULAS Y BURDEGANOS",credit
410555,CRIA DE GANADO CABALLAR Y VACUNO.,credit
410560,PRODUCCION AVICOLA,credit
410565,CRIA DE OTROS ANIMALES,credit
410570,SERVICIOS AGRICOLAS Y GANADEROS,credit
410575,ACTIVIDAD DE CAZA,credit
410580,ACTIVIDAD DE SILVICULTURA,credit
410595,ACTIVIDADES CONEXAS,credit
410599,AJUSTES POR INFLACION,credit
4110,PESCA,credit
411005,ACTIVIDAD DE PESCA,credit
411010,EXPLOTACION DE CRIADEROS DE PECES,credit
411095,ACTIVIDADES CONEXAS,credit
411099,AJUSTES POR INFLACION,credit
4115,EXPLOTACION DE MINAS Y CANTERAS,credit
411505,CARBON,credit
411510,PETROLEO CRUDO,credit
411512,GAS NATURAL,credit
411514,SERVICIOS RELACIONADOS CON EXTRACCION DE PETROLEO Y GAS,credit
411515,MINERALES DE HIERRO,credit
411520,MINERALES METALIFEROS NO FERROSOS,credit
411525,"PIEDRA, ARENA Y ARCILLA",credit
411527,PIEDRAS PRECIOSAS,credit
411528,ORO,credit
411530,OTRAS MINAS Y CANTERAS,credit
411532,PRESTACION DE SERVICIOS SECTOR MINERO,credit
411595,ACTIVIDADES CONEXAS,credit
411599,AJUSTES POR INFLACION,credit
4120,INDUSTRIAS MANUFACTURERAS,credit
412001,PRODUCCION Y PROCESAMIENTO DE CARNES Y PRODUCTOS CARNICOS,credit
412002,PRODUCTOS DE PESCADO,credit
412003,"PRODUCTOS DE FRUTAS, LEGUMBRES Y HORTALIZAS",credit
412004,ELABORACION DE ACEITES Y GRASAS,credit
412005,ELABORACION DE PRODUCTOS LACTEOS,credit
412006,ELABORACION DE PRODUCTOS DE MOLINERIA,credit
412007,ELABORACION DE ALMIDONES Y DERIVADOS,credit
412008,ELABORACION DE ALIMENTOS PARA ANIMALES,credit
412009,ELABORACION DE PRODUCTOS PARA PANADERIA,credit
412010,ELABORACION DE AZUCAR Y MELAZAS,credit
412011,"ELABORACION DE CACAO, CHOCOLATE Y CONFITERIA",credit
412012,ELABORACION DE PASTAS Y PRODUCTOS FARINACEOS,credit
412013,ELABORACION DE PRODUCTOS DE CAFE,credit
412014,ELABORACION DE OTROS PRODUCTOS ALIMENTICIOS,credit
412015,ELABORACION DE BEBIDAS ALCOHOLICAS Y ALCOHOL ETILICO,credit
412016,ELABORACION DE VINOS,credit
412017,ELABORACION DE BEBIDAS MALTEADAS Y DE MALTA,credit
412018,ELABORACION DE BEBIDAS NO ALCOHOLICAS,credit
412019,ELABORACION DE PRODUCTOS DE TABACO,credit
412020,PREPARACION E HILATURA DE FIBRAS TEXTILES Y TEJEDURIA,credit
412021,ACABADO DE PRODUCTOS TEXTILES,credit
412022,ELABORACION DE ARTICULOS DE MATERIALES TEXTILES,credit
412023,ELABORACION DE TAPICES Y ALFOMBRAS,credit
412024,"ELABORACION DE CUERDAS, CORDELES, BRAMANTES Y REDES",credit
412025,ELABORACION DE OTROS PRODUCTOS TEXTILES,credit
412026,ELABORACION DE TEJIDOS,credit
412027,ELABORACION DE PRENDAS DE VESTIR,credit
412028,"PREPARACION, ADOBO Y TEÑIDO DE PIELES",credit
412029,"CURTIDO, ADOBO O PREPARACION DE CUERO",credit
412030,"ELABORACION DE MALETAS, BOLSOS Y SIMILARES",credit
412031,ELABORACION DE CALZADO,credit
412032,"PRODUCCION DE MADERA, ARTICULOS DE MADERA Y CORCHO",credit
412033,"ELABORACION DE PASTA Y PRODUCTOS DE MADERA, PAPEL Y CARTON",credit
412034,EDICIONES Y PUBLICACIONES,credit
412035,IMPRESION,credit
412036,SERVICIOS RELACIONADOS CON LA EDICION Y LA IMPRESION,credit
412037,REPRODUCCION DE GRABACIONES,credit
412038,ELABORACION DE PRODUCTOS DE HORNO DE COQUE,credit
412039,ELABORACION DE PRODUCTOS DE LA REFINACION DE PETROLEO,credit
412040,ELABORACION DE SUSTANCIAS QUIMICAS BASICAS,credit
412041,ELABORACION DE ABONOS Y COMPUESTOS DE NITROGENO,credit
412042,ELABORACION DE PLASTICO Y CAUCHO SINTETICO,credit
412043,ELABORACION DE PRODUCTOS QUIMICOS DE USO AGROPECUARIO,credit
412044,"ELABORACION DE PINTURAS, TINTAS Y MASILLAS",credit
412045,ELABORACION DE PRODUCTOS FARMACEUTICOS Y BOTANICOS,credit
412046,"ELABORACION DE JABONES, DETERGENTES Y PREPARADOS DE TOCADOR",credit
412047,ELABORACION DE OTROS PRODUCTOS QUIMICOS,credit
412048,ELABORACION DE FIBRAS,credit
412049,ELABORACION DE OTROS PRODUCTOS DE CAUCHO,credit
412050,ELABORACION DE PRODUCTOS DE PLASTICO,credit
412051,ELABORACION DE VIDRIO Y PRODUCTOS DE VIDRIO,credit
412052,"ELABORACION DE PRODUCTOS DE CERAMICA, LOZA, PIEDRA, ARCILLA Y PORCELANA",credit
412053,"ELABORACION DE CEMENTO, CAL Y YESO",credit
412054,"ELABORACION DE ARTICULOS DE HORMIGON, CEMENTO Y YESO",credit
412055,"CORTE, TALLADO Y ACABADO DE LA PIEDRA",credit
412056,ELABORACION DE OTROS PRODUCTOS MINERALES NO METALICOS,credit
412057,INDUSTRIAS BASICAS Y FUNDICION DE HIERRO Y ACERO,credit
412058,PRODUCTOS PRIMARIOS DE METALES PRECIOSOS Y DE METALES NO FERROSOS,credit
412059,FUNDICION DE METALES NO FERROSOS,credit
412060,FABRICACION DE PRODUCTOS METALICOS PARA USO ESTRUCTURAL,credit
412061,"FORJA, PRENSADO, ESTAMPADO, LAMINADO DE METAL Y PULVIMETALURGIA",credit
412062,REVESTIMIENTO DE METALES Y OBRAS DE INGENIERIA MECANICA,credit
412063,FABRICACION DE ARTICULOS DE FERRETERIA,credit
412064,ELABORACION DE OTROS PRODUCTOS DE METAL,credit
412065,FABRICACION DE MAQUINARIA Y EQUIPO,credit
412066,FABRICACION DE EQUIPOS DE ELEVACION Y MANIPULACION,credit
412067,ELABORACION DE APARATOS DE USO DOMESTICO,credit
412068,ELABORACION DE EQUIPO DE OFICINA,credit
412069,ELABORACION DE PILAS Y BATERIAS PRIMARIAS,credit
412070,ELABORACION DE EQUIPO DE ILUMINACION,credit
412071,ELABORACION DE OTROS TIPOS DE EQUIPO ELECTRICO,credit
412072,"FABRICACION DE EQUIPOS DE RADIO, TELEVISION Y COMUNICACIONES",credit
412073,FABRICACION DE APARATOS E INSTRUMENTOS MEDICOS,credit
412074,FABRICACION DE INSTRUMENTOS DE MEDICION Y CONTROL,credit
412075,FABRICACION DE INSTRUMENTOS DE OPTICA Y EQUIPO FOTOGRAFICO,credit
412076,FABRICACION DE RELOJES,credit
412077,FABRICACION DE VEHICULOS AUTOMOTORES,credit
412078,FABRICACION DE CARROCERIAS PARA AUTOMOTORES,credit
412079,FABRICACION DE PARTES PIEZAS Y ACCESORIOS PARA AUTOMOTORES,credit
412080,FABRICACION Y REPARACION DE BUQUES Y OTRAS EMBARCACIONES,credit
412081,FABRICACION DE LOCOMOTORAS Y MATERIAL RODANTE PARA FERROCARRILES,credit
412082,FABRICACION DE AERONAVES,credit
412083,FABRICACION DE MOTOCICLETAS,credit
412084,FABRICACION DE BICICLETAS Y SILLAS DE RUEDAS,credit
412085,FABRICACION DE OTROS TIPOS DE TRANSPORTE,credit
412086,FABRICACION DE MUEBLES,credit
412087,FABRICACION DE JOYAS Y ARTICULOS CONEXOS,credit
412088,FABRICACION DE INSTRUMENTOS DE MUSICA,credit
412089,FABRICACION DE ARTICULOS Y EQUIPO PARA DEPORTE,credit
412090,FABRICACION DE JUEGOS Y JUGUETES,credit
412091,RECICLAMIENTO DE DESPERDICIOS,credit
412095,PRODUCTOS DE OTRAS INDUSTRIAS MANUFACTURERAS,credit
412099,AJUSTES POR INFLACION,credit
4125,"SUMINISTRO DE ELECTRICIDAD, GAS Y AGUA",credit
412505,"GENERACION, CAPTACION Y DISTRIBUCION DE ENERGIA ELECTRICA",credit
412510,FABRICACION DE GAS Y DISTRIBUCION DE COMBUSTIBLES GASEOSOS,credit
412515,"CAPTACION, DEPURACION Y DISTRIBUCION DE AGUA",credit
412595,ACTIVIDADES CONEXAS,credit
412599,AJUSTES POR INFLACION,credit
4130,CONSTRUCCION,credit
413005,PREPARACION DE TERRENOS,credit
413010,CONSTRUCCION DE EDIFICIOS Y OBRAS DE INGENIERIA CIVIL,credit
413015,ACONDICIONAMIENTO DE EDIFICIOS,credit
413020,TERMINACION DE EDIFICACIONES,credit
413025,ALQUILER DE EQUIPO CON OPERARIOS,credit
413095,ACTIVIDADES CONEXAS,credit
413099,AJUSTES POR INFLACION,credit
4135,COMERCIO AL POR MAYOR Y AL POR MENOR,credit
413502,VENTA DE VEHICULOS AUTOMOTORES,credit
413504,"MANTENIMIENTO, REPARACION Y LAVADO DE VEHICULOS AUTOMOTORES",credit
413506,"VENTA DE PARTES, PIEZAS Y ACCESORIOS DE VEHICULOS AUTOMOTORES",credit
413508,"VENTA DE COMBUSTIBLES SOLIDOS, LIQUIDOS, GASEOSOS",credit
413510,"VENTA DE LUBRICANTES, ADITIVOS, LLANTAS Y LUJOS PARA AUTOMOTORES",credit
413512,VENTA A CAMBIO DE RETRIBUCION O POR CONTRATA,credit
413514,"VENTA DE INSUMOS, MATERIAS PRIMAS AGROPECUARIAS Y FLORES",credit
413516,VENTA DE OTROS INSUMOS Y MATERIAS PRIMAS NO AGROPECUARIAS,credit
413518,VENTA DE ANIMALES VIVOS Y CUEROS,credit
413520,VENTA DE PRODUCTOS EN ALMACENES NO ESPECIALIZADOS,credit
413522,VENTA DE PRODUCTOS AGROPECUARIOS,credit
413524,"VENTA DE PRODUCTOS TEXTILES, DE VESTIR, DE CUERO Y CALZADO",credit
413526,VENTA DE PAPEL Y CARTON,credit
413528,"VENTA DE LIBROS, REVISTAS, ELEMENTOS DE PAPELERIA, UTILES Y TEXTOS ESCOLARES",credit
413530,"VENTA DE JUEGOS, JUGUETES Y ARTICULOS DEPORTIVOS",credit
413532,VENTA DE INSTRUMENTOS QUIRURGICOS Y ORTOPEDICOS,credit
413534,VENTA DE ARTICULOS EN RELOJERIAS Y JOYERIAS,credit
413536,VENTA DE ELECTRODOMESTICOS Y MUEBLES,credit
413538,"VENTA DE PRODUCTOS DE ASEO, FARMACEUTICOS, MEDICINALES, Y ARTICULOS DE TOCADOR",credit
413540,"VENTA DE CUBIERTOS, VAJILLAS, CRISTALERIA, PORCELANAS, CERAMICAS Y OTROS ARTICULOS DE USO DOMESTICO",credit
413542,"VENTA DE MATERIALES DE CONSTRUCCION, FONTANERIA Y CALEFACCION",credit
413544,VENTA DE PINTURAS Y LACAS,credit
413546,VENTA DE PRODUCTOS DE VIDRIOS Y MARQUETERIA,credit
413548,VENTA DE HERRAMIENTAS Y ARTICULOS DE FERRETERIA,credit
413550,VENTA DE QUIMICOS,credit
413552,"VENTA DE PRODUCTOS INTERMEDIOS, DESPERDICIOS Y DESECHOS",credit
413554,"VENTA DE MAQUINARIA, EQUIPO DE OFICINA Y PROGRAMAS DE COMPUTADOR",credit
413556,VENTA DE ARTICULOS EN CACHARRERIAS Y MISCELANEAS,credit
413558,VENTA DE INSTRUMENTOS MUSICALES,credit
413560,VENTA DE ARTICULOS EN CASAS DE EMPEÑO Y PRENDERIAS,credit
413562,VENTA DE EQUIPO FOTOGRAFICO,credit
413564,VENTA DE EQUIPO OPTICO Y DE PRECISION,credit
413566,VENTA DE EMPAQUES,credit
413568,VENTA DE EQUIPO PROFESIONAL Y CIENTIFICO,credit
413570,"VENTA DE LOTERIAS, RIFAS, CHANCE, APUESTAS Y SIMILARES",credit
413572,REPARACION DE EFECTOS PERSONALES Y ELECTRODOMESTICOS,credit
413595,VENTA DE OTROS PRODUCTOS,credit
413599,AJUSTES POR INFLACION,credit
4140,HOTELES Y RESTAURANTES,credit
414005,HOTELERIA,credit
414010,CAMPAMENTO Y OTROS TIPOS DE HOSPEDAJE,credit
414015,RESTAURANTES,credit
414020,BARES Y CANTINAS,credit
414095,ACTIVIDADES CONEXAS,credit
414099,AJUSTES POR INFLACION,credit
4145,"TRANSPORTE, ALMACENAMIENTO Y COMUNICACIONES",credit
414505,SERVICIO DE TRANSPORTE POR CARRETERA,credit
414510,SERVICIO DE TRANSPORTE POR VIA FERREA,credit
414515,SERVICIO DE TRANSPORTE POR VIA ACUATICA,credit
414520,SERVICIO DE TRANSPORTE POR VIA AEREA,credit
414525,SERVICIO DE TRANSPORTE POR TUBERIAS,credit
414530,MANIPULACION DE CARGA,credit
414535,ALMACENAMIENTO Y DEPOSITO,credit
414540,SERVICIOS COMPLEMENTARIOS PARA EL TRANSPORTE,credit
414545,AGENCIAS DE VIAJE,credit
414550,OTRAS AGENCIAS DE TRANSPORTE,credit
414555,SERVICIO POSTAL Y DE CORREO,credit
414560,SERVICIO TELEFONICO,credit
414565,SERVICIO DE TELEGRAFO,credit
414570,SERVICIO DE TRANSMISION DE DATOS,credit
414575,SERVICIO DE RADIO Y TELEVISION POR CABLE,credit
414580,TRANSMISION DE SONIDO E IMAGENES POR CONTRATO,credit
414595,ACTIVIDADES CONEXAS,credit
414599,AJUSTES POR INFLACION,credit
4150,ACTIVIDAD FINANCIERA,credit
415005,VENTA DE INVERSIONES,credit
415010,DIVIDENDOS DE SOCIEDADES ANONIMAS Y/O ASIMILADAS,credit
415015,PARTICIPACIONES DE SOCIEDADES LIMITADAS Y/O ASIMILADAS,credit
415020,INTERESES,credit
415025,REAJUSTE MONETARIO - UPAC,credit
415030,COMISIONES,credit
415035,OPERACIONES DE DESCUENTO,credit
415040,CUOTAS DE INSCRIPCION - CONSORCIOS,credit
415045,CUOTAS DE ADMINISTRACION - CONSORCIOS,credit
415050,REAJUSTE DEL SISTEMA - CONSORCIOS,credit
415055,ELIMINACION DE SUSCRIPTORES - CONSORCIOS,credit
415060,CUOTAS DE INGRESO O RETIRO - SOCIEDAD ADMINISTRADORA,credit
415065,SERVICIOS A COMISIONISTAS,credit
415070,INSCRIPCIONES Y CUOTAS,credit
415075,RECUPERACION DE GARANTIAS,credit
415080,INGRESOS METODO DE PARTICIPACION,credit
415095,ACTIVIDADES CONEXAS,credit
415099,AJUSTES POR INFLACION,credit
4155,"ACTIVIDADES INMOBILIARIAS, EMPRESARIALES Y DE ALQUILER",credit
415505,ARRENDAMIENTOS DE BIENES INMUEBLES,credit
415510,INMOBILIARIAS POR RETRIBUCION O CONTRATA,credit
415515,ALQUILER EQUIPO DE TRANSPORTE,credit
415520,ALQUILER MAQUINARIA Y EQUIPO,credit
415525,ALQUILER DE EFECTOS PERSONALES Y ENSERES DOMESTICOS,credit
415530,CONSULTORIA EN EQUIPO Y PROGRAMAS DE INFORMATICA,credit
415535,PROCESAMIENTO DE DATOS,credit
415540,MANTENIMIENTO Y REPARACION DE MAQUINARIA DE OFICINA,credit
415545,INVESTIGACIONES CIENTIFICAS Y DE DESARROLLO,credit
415550,ACTIVIDADES EMPRESARIALES DE CONSULTORIA,credit
415555,PUBLICIDAD,credit
415560,DOTACION DE PERSONAL,credit
415565,INVESTIGACION Y SEGURIDAD,credit
415570,LIMPIEZA DE INMUEBLES,credit
415575,FOTOGRAFIA,credit
415580,ENVASE Y EMPAQUE,credit
415585,FOTOCOPIADO,credit
415590,MANTENIMIENTO Y REPARACION DE MAQUINARIA Y EQUIPO,credit
415595,ACTIVIDADES CONEXAS,credit
415599,AJUSTES POR INFLACION,credit
4160,ENSEÑANZA,credit
416005,ACTIVIDADES RELACIONADAS CON LA EDUCACION,credit
416095,ACTIVIDADES CONEXAS,credit
416099,AJUSTES POR INFLACION,credit
4165,SERVICIOS SOCIALES Y DE SALUD,credit
416505,SERVICIO HOSPITALARIO,credit
416510,SERVICIO MEDICO,credit
416515,SERVICIO ODONTOLOGICO,credit
416520,SERVICIO DE LABORATORIO,credit
416525,ACTIVIDADES VETERINARIAS,credit
416530,ACTIVIDADES DE SERVICIOS SOCIALES,credit
416595,ACTIVIDADES CONEXAS,credit
416599,AJUSTES POR INFLACION,credit
4170,"OTRAS ACTIVIDADES DE SERVICIOS COMUNITARIOS, SOCIALES Y PERSONALES",credit
417005,ELIMINACION DE DESPERDICIOS Y AGUAS RESIDUALES,credit
417010,ACTIVIDADES DE ASOCIACION,credit
417015,PRODUCCION Y DISTRIBUCION DE FILMES Y VIDEOCINTAS,credit
417020,EXHIBICION DE FILMES Y VIDEOCINTAS,credit
417025,ACTIVIDAD DE RADIO Y TELEVISION,credit
417030,"ACTIVIDAD TEATRAL, MUSICAL Y ARTISTICA",credit
417035,GRABACION Y PRODUCCION DE DISCOS,credit
417040,ENTRETENIMIENTO Y ESPARCIMIENTO,credit
417045,AGENCIAS DE NOTICIAS,credit
417050,LAVANDERIAS Y SIMILARES,credit
417055,PELUQUERIAS Y SIMILARES,credit
417060,SERVICIOS FUNERARIOS,credit
417065,ZONAS FRANCAS,credit
417095,ACTIVIDADES CONEXAS,credit
417099,AJUSTES POR INFLACION,credit
4175,"DEVOLUCIONES, REBAJAS Y DESCUENTOS EN VENTAS (DB)",debit
417599,AJUSTES POR INFLACION,debit
42,NO OPERACIONALES,credit
4205,OTRAS VENTAS,credit
420505,MATERIA PRIMA,credit
420510,MATERIAL DE DESECHO,credit
420515,MATERIALES VARIOS,credit
420520,PRODUCTOS DE DIVERSIFICACION,credit
420525,EXCEDENTES DE EXPORTACION,credit
420530,ENVASES Y EMPAQUES,credit
420535,PRODUCTOS AGRICOLAS,credit
420540,DE PROPAGANDA,credit
420545,PRODUCTOS EN REMATE,credit
420550,COMBUSTIBLES Y LUBRICANTES,credit
420599,AJUSTES POR INFLACION,credit
4210,FINANCIEROS,credit
421005,INTERESES,credit
421010,REAJUSTE MONETARIO - UPAC,credit
421015,DESCUENTOS AMORTIZADOS,credit
421020,DIFERENCIA EN CAMBIO,credit
421025,FINANCIACION VEHICULOS,credit
421030,FINANCIACION SISTEMAS DE VIAJES,credit
421035,ACEPTACIONES BANCARIAS,credit
421040,DESCUENTOS COMERCIALES CONDICIONADOS,credit
421045,DESCUENTOS BANCARIOS,credit
421050,COMISIONES CHEQUES DE OTRAS PLAZAS,credit
421055,MULTAS Y RECARGOS,credit
421060,SANCIONES CHEQUES DEVUELTOS,credit
421095,OTROS,credit
421099,AJUSTES POR INFLACION,credit
4215,DIVIDENDOS Y PARTICIPACIONES,credit
421505,DE SOCIEDADES ANONIMAS Y/O ASIMILADAS,credit
421510,DE SOCIEDADES LIMITADAS Y/O ASIMILADAS,credit
421599,AJUSTES POR INFLACION,credit
4218,INGRESOS METODO DE PARTICIPACION,credit
421805,DE SOCIEDADES ANONIMAS Y/O ASIMILADAS,credit
421810,DE SOCIEDADES LIMITADAS Y/O ASIMILADAS,credit
4220,ARRENDAMIENTOS,credit
422005,TERRENOS,credit
422010,CONSTRUCCIONES Y EDIFICIOS,credit
422015,MAQUINARIA Y EQUIPO,credit
422020,EQUIPO DE OFICINA,credit
422025,EQUIPO DE COMPUTACION Y COMUNICACION,credit
422030,EQUIPO MEDICO - CIENTIFICO,credit
422035,EQUIPO DE HOTELES Y RESTAURANTES,credit
422040,FLOTA Y EQUIPO DE TRANSPORTE,credit
422045,FLOTA Y EQUIPO FLUVIAL Y/O MARITIMO,credit
422050,FLOTA Y EQUIPO AEREO,credit
422055,FLOTA Y EQUIPO FERREO,credit
422060,ACUEDUCTOS PLANTAS Y REDES,credit
422062,ENVASES Y EMPAQUES,credit
422065,PLANTACIONES AGRICOLAS Y FORESTALES,credit
422070,AERODROMOS,credit
422075,SEMOVIENTES,credit
422099,AJUSTES POR INFLACION,credit
4225,COMISIONES,credit
422505,SOBRE INVERSIONES,credit
422510,DE CONCESIONARIOS,credit
422515,DE ACTIVIDADES FINANCIERAS,credit
422520,POR VENTA DE SERVICIOS DE TALLER,credit
422525,POR VENTA DE SEGUROS,credit
422530,POR INGRESOS PARA TERCEROS,credit
422535,POR DISTRIBUCION DE PELICULAS,credit
422540,DERECHOS DE AUTOR,credit
422545,DERECHOS DE PROGRAMACION,credit
422599,AJUSTES POR INFLACION,credit
4230,HONORARIOS,credit
423005,ASESORIAS,credit
423010,ASISTENCIA TECNICA,credit
423015,ADMINISTRACION DE VINCULADAS,credit
423099,AJUSTES POR INFLACION,credit
4235,SERVICIOS,credit
423505,DE BASCULA,credit
423510,DE TRANSPORTE,credit
423515,DE PRENSA,credit
423520,ADMINISTRATIVOS,credit
423525,TECNICOS,credit
423530,DE COMPUTACION,credit
423535,DE TELEFAX,credit
423540,TALLER DE VEHICULOS,credit
423545,DE RECEPCION DE AERONAVES,credit
423550,DE TRANSPORTE PROGRAMA GAS NATURAL,credit
423555,POR CONTRATOS,credit
423560,DE TRILLLA,credit
423565,DE MANTENIMIENTO,credit
423570,AL PERSONAL,credit
423575,DE CASINO,credit
423580,FLETES,credit
423585,ENTRE COMPAÑIAS,credit
423595,OTROS,credit
423599,AJUSTES POR INFLACION,credit
4240,UTILIDAD EN VENTA DE INVERSIONES,credit
424005,ACCIONES,credit
424010,CUOTAS O PARTES DE INTERES SOCIAL,credit
424015,BONOS,credit
424020,CEDULAS,credit
424025,CERTIFICADOS,credit
424030,PAPELES COMERCIALES,credit
424035,TITULOS,credit
424045,DERECHOS FIDUCIARIOS,credit
424050,OBLIGATORIAS,credit
424095,OTRAS,credit
424099,AJUSTES POR INFLACION,credit
4245,UTILIDAD EN VENTA DE PROPIEDADES PLANTA Y EQUIPO,credit
424504,TERRENOS,credit
424506,MATERIALES INDUSTRIA PETROLERA,credit
424508,CONSTRUCCIONES EN CURSO,credit
424512,MAQUINARIA EN MONTAJE,credit
424516,CONSTRUCCIONES Y EDIFICACIONES,credit
424520,MAQUINARIA Y EQUIPO,credit
424524,EQUIPO DE OFICINA,credit
424528,EQUIPO DE COMPUTACION Y COMUNICACION,credit
424532,EQUIPO MEDICO - CIENTIFICO,credit
424536,EQUIPO DE HOTELES Y RESTAURANTES,credit
424540,FLOTA Y EQUIPO DE TRANSPORTE,credit
424544,FLOTA Y EQUIPO FLUVIAL Y/O MARITIMO,credit
424548,FLOTA Y EQUIPO AEREO,credit
424552,FLOTA Y EQUIPO FERREO,credit
424556,ACUEDUCTOS PLANTAS Y REDES,credit
424560,ARMAMENTO DE VIGILANCIA,credit
424562,ENVASES Y EMPAQUES,credit
424564,PLANTACIONES AGRICOLAS Y FORESTALES,credit
424568,VIAS DE COMUNICACION,credit
424572,MINAS Y CANTERAS,credit
424580,POZOS ARTESIANOS,credit
424584,YACIMIENTOS,credit
424588,SEMOVIENTES,credit
424599,AJUSTES POR INFLACION,credit
4248,UTILIDAD EN VENTA DE OTROS BIENES,credit
424805,INTANGIBLES,credit
424810,OTROS ACTIVOS,credit
424899,AJUSTES POR INFLACION,credit
4250,RECUPERACIONES,credit
425005,DEUDAS MALAS,credit
425010,SEGUROS,credit
425015,RECLAMOS,credit
425020,REINTEGRO POR PERSONAL EN COMISION,credit
425025,REINTEGRO GARANTIAS,credit
425030,DESCUENTOS CONCEDIDOS,credit
425035,DE PROVISIONES,credit
425040,GASTOS BANCARIOS,credit
425045,DE DEPRECIACION,credit
425050,REINTEGRO DE OTROS COSTOS Y GASTOS,credit
425099,AJUSTES POR INFLACION,credit
4255,INDEMNIZACIONES,credit
425505,POR SINIESTRO,credit
425510,POR SUMINISTROS,credit
425515,LUCRO CESANTE COMPAÑIAS DE SEGUROS,credit
425520,DAÑO EMERGENTE COMPAÑIAS DE SEGUROS,credit
425525,POR PERDIDA DE MERCANCIA,credit
425530,POR INCUMPLIMIENTO DE CONTRATOS,credit
425535,DE TERCEROS,credit
425540,POR INCAPACIDADES I.S.S.,credit
425595,OTRAS,credit
425599,AJUSTES POR INFLACION,credit
4260,PARTICIPACIONES EN CONCESIONES,credit
426099,AJUSTES POR INFLACION,credit
4265,INGRESOS DE EJERCICIOS ANTERIORES,credit
426599,AJUSTES POR INFLACION,credit
4275,DEVOLUCIONES EN OTRAS VENTAS (DB),debit
427599,AJUSTES POR INFLACION,debit
4295,DIVERSOS,credit
429503,CERT,credit
429505,APROVECHAMIENTOS,credit
429507,AUXILIOS,credit
429509,SUBVENCIONES,credit
429511,INGRESOS POR INVESTIGACION Y DESARROLLO,credit
429513,POR TRABAJOS EJECUTADOS,credit
429515,REGALIAS,credit
429517,DERIVADOS DE LAS EXPORTACIONES,credit
429519,OTROS INGRESOS DE EXPLOTACION,credit
429521,DE LA ACTIVIDAD GANADERA,credit
429525,DERECHOS Y LICITACIONES,credit
429530,INGRESOS POR ELEMENTOS PERDIDOS,credit
429533,MULTAS Y RECARGOS,credit
429535,PREAVISOS DESCONTADOS,credit
429537,RECLAMOS,credit
429540,RECOBRO DE DAÑOS,credit
429543,PREMIOS,credit
429545,BONIFICACIONES,credit
429547,PRODUCTOS DESCONTADOS,credit
429549,RECONOCIMIENTOS I.S.S.,credit
429551,EXCEDENTES,credit
429553,SOBRANTES DE CAJA,credit
429555,SOBRANTES EN LIQUIDACION FLETES,credit
429557,SUBSIDIOS ESTATALES,credit
429559,CAPACITACION DISTRIBUIDORES,credit
429561,DE ESCRITURACION,credit
429563,REGISTRO PROMESAS DE VENTA,credit
429567,"UTILES, PAPELERIA Y FOTOCOPIAS",credit
429571,RESULTADOS MATRICULAS Y TRASPASOS,credit
429573,DECORACIONES,credit
429575,MANEJO DE CARGA,credit
429579,HISTORIA CLINICA,credit
429581,AJUSTE AL PESO,credit
429583,LLAMADAS TELEFONICAS,credit
429599,AJUSTES POR INFLACION,credit
47,AJUSTES POR INFLACION,credit
4705,CORRECCION MONETARIA,credit
470505,INVERSIONES (CR),credit
470510,INVENTARIOS (CR),credit
470515,"PROPIEDADES, PLANTA Y EQUIPO (CR)",credit
470520,INTANGIBLES (CR),credit
470525,ACTIVOS DIFERIDOS,credit
470530,OTROS ACTIVOS (CR),credit
470535,PASIVOS SUJETOS DE AJUSTE,credit
470540,PATRIMONIO,credit
470545,DEPRECIACION ACUMULADA (DB),debit
470550,DEPRECIACION DIFERIDA (CR),credit
470555,AGOTAMIENTO ACUMULADO (DB),debit
470560,AMORTIZACION ACUMULADA (DB),debit
470565,INGRESOS OPERACIONALES (DB),debit
470568,DEVOLUCIONES EN VENTAS (CR),credit
470570,INGRESOS NO OPERACIONALES (DB),debit
470575,GASTOS OPERACIONALES DE ADMINISTRACION (CR),credit
470580,GASTOS OPERACIONALES DE VENTAS (CR),credit
470585,GASTOS NO OPERACIONALES (CR),credit
470590,COMPRAS (CR),credit
470591,DEVOLUCIONES EN COMPRAS (DB),debit
470592,COSTO DE VENTAS (CR),credit
470594,COSTOS DE PRODUCCION O DE OPERACION (CR),credit
5,GASTOS,debit
51,OPERACIONALES DE ADMINISTRACION,debit
5105,GASTOS DE PERSONAL,debit
510503,SALARIO INTEGRAL,debit
510506,SUELDOS,debit
510512,JORNALES,debit
510515,HORAS EXTRAS Y RECARGOS,debit
510518,COMISIONES,debit
510521,VIATICOS,debit
510524,INCAPACIDADES,debit
510527,AUXILIO DE TRANSPORTE,debit
510530,CESANTIAS,debit
510533,INTERESES SOBRE CESANTIAS,debit
510536,PRIMA DE SERVICIOS,debit
510539,VACACIONES,debit
510542,PRIMAS EXTRALEGALES,debit
510545,AUXILIOS,debit
510548,BONIFICACIONES,debit
510551,DOTACION Y SUMINISTRO A TRABAJADORES,debit
510554,SEGUROS,debit
510557,CUOTAS PARTES PENSIONES DE JUBILACION,debit
510558,AMORTIZACION CALCULO ACTUARIAL PENSIONES DE JUBILACION,debit
510559,PENSIONES DE JUBILACION,debit
510560,INDEMNIZACIONES LABORALES,debit
510561,AMORTIZACION BONOS PENSIONALES,debit
510562,AMORTIZACION TITULOS PENSIONALES,debit
510563,CAPACITACION AL PERSONAL,debit
510566,GASTOS DEPORTIVOS Y DE RECREACION,debit
510568,APORTES A ADMINISTRADORAS DE RIESGOS PROFESIONALES ARP,debit
510569,APORTES A ENTIDADES PROMOTORAS DE SALUD EPS,debit
510570,APORTES A FONDOS DE PENSIONES Y/O CESANTIAS,debit
510572,APORTES CAJAS DE COMPENSACION FAMILIAR,debit
510575,APORTES I.C.B.F.,debit
510578,SENA,debit
510581,APORTES SINDICALES,debit
510584,GASTOS MEDICOS Y DROGAS,debit
510595,OTROS,debit
510599,AJUSTES POR INFLACION,debit
5110,HONORARIOS,debit
511005,JUNTA DIRECTIVA,debit
511010,REVISORIA FISCAL,debit
511015,AUDITORIA EXTERNA,debit
511020,AVALUOS,debit
511025,ASESORIA JURIDICA,debit
511030,ASESORIA FINANCIERA,debit
511035,ASESORIA TECNICA,debit
511095,OTROS,debit
511099,AJUSTES POR INFLACION,debit
5115,IMPUESTOS,debit
511505,INDUSTRIA Y COMERCIO,debit
511510,DE TIMBRES,debit
511515,A LA PROPIEDAD RAIZ,debit
511520,DERECHOS SOBRE INSTRUMENTOS PUBLICOS,debit
511525,DE VALORIZACION,debit
511530,DE TURISMO,debit
511535,TASA POR UTILIZACION DE PUERTOS,debit
511540,DE VEHICULOS,debit
511545,DE ESPECTACULOS PUBLICOS,debit
511550,CUOTAS DE FOMENTO,debit
511570,IVA DESCONTABLE,debit
511595,OTROS,debit
511599,AJUSTES POR INFLACION,debit
5120,ARRENDAMIENTOS,debit
512005,TERRENOS,debit
512010,CONSTRUCCIONES Y EDIFICACIONES,debit
512015,MAQUINARIA Y EQUIPO,debit
512020,EQUIPO DE OFICINA,debit
512025,EQUIPO DE COMPUTACION Y COMUNICACION,debit
512030,EQUIPO MEDICO - CIENTIFICO,debit
512035,EQUIPO DE HOTELES Y RESTAURANTES,debit
512040,FLOTA Y EQUIPO DE TRANSPORTE,debit
512045,FLOTA Y EQUIPO FLUVIAL Y/O MARITIMO,debit
512050,FLOTA Y EQUIPO AEREO,debit
512055,FLOTA Y EQUIPO FERREO,debit
512060,ACUEDUCTOS PLANTAS Y REDES,debit
512065,AERODROMOS,debit
512070,SEMOVIENTES,debit
512095,OTROS,debit
512099,AJUSTES POR INFLACION,debit
5125,CONTRIBUCIONES Y AFILIACIONES,debit
512505,CONTRIBUCIONES,debit
512510,AFILIACIONES Y SOSTENIMIENTO,debit
512599,AJUSTES POR INFLACION,debit
5130,SEGUROS,debit
513005,MANEJO,debit
513010,CUMPLIMIENTO,debit
513015,CORRIENTE DEBIL,debit
513020,VIDA COLECTIVA,debit
513025,INCENDIO,debit
513030,TERREMOTO,debit
513035,SUSTRACCION Y HURTO,debit
513040,FLOTA Y EQUIPO DE TRANSPORTE,debit
513045,FLOTA Y EQUIPO FLUVIAL Y/O MARITIMO,debit
513050,FLOTA Y EQUIPO AEREO,debit
513055,FLOTA Y EQUIPO FERREO,debit
513060,RESPONSABILIDAD CIVIL Y EXTRACONTRACTUAL,debit
513065,VUELO,debit
513070,ROTURA DE MAQUINARIA,debit
513075,OBLIGATORIO ACCIDENTE DE TRANSITO,debit
513080,LUCRO CESANTE,debit
513085,TRANSPORTE DE MERCANCIA,debit
513095,OTROS,debit
513099,AJUSTES POR INFLACION,debit
5135,SERVICIOS,debit
513505,ASEO Y VIGILANCIA,debit
513510,TEMPORALES,debit
513515,ASISTENCIA TECNICA,debit
513520,PROCESAMIENTO ELECTRONICO DE DATOS,debit
513525,ACUEDUCTO Y ALCANTARILLADO,debit
513530,ENERGIA ELECTRICA,debit
513535,TELEFONO,debit
513540,"CORREO, PORTES Y TELEGRAMAS",debit
513545,FAX Y TELEX,debit
513550,"TRANSPORTE, FLETES Y ACARREOS",debit
513555,GAS,debit
513595,OTROS,debit
513599,AJUSTES POR INFLACION,debit
5140,GASTOS LEGALES,debit
514005,NOTARIALES,debit
514010,REGISTRO MERCANTIL,debit
514015,TRAMITES Y LICENCIAS,debit
514020,ADUANEROS,debit
514025,CONSULARES,debit
514095,OTROS,debit
514099,AJUSTES POR INFLACION,debit
5145,MANTENIMIENTO Y REPARACIONES,debit
514505,TERRENOS,debit
514510,CONSTRUCCIONES Y EDIFICACIONES,debit
514515,MAQUINARIA Y EQUIPO,debit
514520,EQUIPO DE OFICINA,debit
514525,EQUIPO DE COMPUTACION Y COMUNICACION,debit
514530,EQUIPO MEDICO-CIENTIFICO,debit
514535,EQUIPO DE HOTELES Y RESTAURANTES,debit
514540,FLOTA Y EQUIPO DE TRANSPORTE,debit
514545,FLOTA Y EQUIPO FLUVIAL Y/O MARITIMO,debit
514550,FLOTA Y EQUIPO AEREO,debit
514555,FLOTA Y EQUIPO FERREO,debit
514560,ACUEDUCTOS PLANTAS Y REDES,debit
514565,ARMAMENTO DE VIGILANCIA,debit
514570,VIAS DE COMUNICACION,debit
514599,AJUSTES POR INFLACION,debit
5150,ADECUACION E INSTALACION,debit
515005,INSTALACIONES ELECTRICAS,debit
515010,ARREGLOS ORNAMENTALES,debit
515015,REPARACIONES LOCATIVAS,debit
515095,OTROS,debit
515099,AJUSTES POR INFLACION,debit
5155,GASTOS DE VIAJE,debit
515505,ALOJAMIENTO Y MANUTENCION,debit
515510,PASAJES FLUVIALES Y/O MARITIMOS,debit
515515,PASAJES AEREOS,debit
515520,PASAJES TERRESTRES,debit
515525,PASAJES FERREOS,debit
515595,OTROS,debit
515599,AJUSTES POR INFLACION,debit
5160,DEPRECIACIONES,debit
516005,CONSTRUCCIONES Y EDIFICACIONES,debit
516010,MAQUINARIA Y EQUIPO,debit
516015,EQUIPO DE OFICINA,debit
516020,EQUIPO DE COMPUTACION Y COMUNICACION,debit
516025,EQUIPO MEDICO - CIENTIFICO,debit
516030,EQUIPO DE HOTELES Y RESTAURANTES,debit
516035,FLOTA Y EQUIPO DE TRANSPORTE,debit
516040,FLOTA Y EQUIPO FLUVIAL Y/O MARITIMO,debit
516045,FLOTA Y EQUIPO AEREO,debit
516050,FLOTA Y EQUIPO FERREO,debit
516055,"ACUEDUCTOS, PLANTAS Y REDES",debit
516060,ARMAMENTO DE VIGILANCIA,debit
516099,AJUSTES POR INFLACION,debit
5165,AMORTIZACIONES,debit
516505,VIAS DE COMUNICACION,debit
516510,INTANGIBLES,debit
516515,CARGOS DIFERIDOS,debit
516595,OTRAS,debit
516599,AJUSTES POR INFLACION,debit
5195,DIVERSOS,debit
519505,COMISIONES,debit
519510,"LIBROS, SUSCRIPCIONES, PERIODICOS Y REVISTAS",debit
519515,MUSICA AMBIENTAL,debit
519520,GASTOS DE REPRESENTACION Y RELACIONES PUBLICAS,debit
519525,ELEMENTOS DE ASEO Y CAFETERIA,debit
519530,"UTILES, PAPELERIA Y FOTOCOPIAS",debit
519535,COMBUSTIBLES Y LUBRICANTES,debit
519540,ENVASES Y EMPAQUES,debit
519545,TAXIS Y BUSES,debit
519550,ESTAMPILLAS,debit
519555,MICROFILMACION,debit
519560,CASINO Y RESTAURANTE,debit
519565,PARQUEADEROS,debit
519570,INDEMNIZACION POR DAÑOS A TERCEROS,debit
519575,POLVORA Y SIMILARES,debit
519595,OTROS,debit
519599,AJUSTES POR INFLACION,debit
5199,PROVISIONES,debit
519905,INVERSIONES,debit
519910,DEUDORES,debit
519915,"PROPIEDADES, PLANTA Y EQUIPO",debit
519995,OTROS ACTIVOS,debit
519999,AJUSTES POR INFLACION,debit
52,OPERACIONALES DE VENTAS,debit
5205,GASTOS DE PERSONAL,debit
520503,SALARIO INTEGRAL,debit
520506,SUELDOS,debit
520512,JORNALES,debit
520515,HORAS EXTRAS Y RECARGOS,debit
520518,COMISIONES,debit
520521,VIATICOS,debit
520524,INCAPACIDADES,debit
520527,AUXILIO DE TRANSPORTE,debit
520530,CESANTIAS,debit
520533,INTERESES SOBRE CESANTIAS,debit
520536,PRIMA DE SERVICIOS,debit
520539,VACACIONES,debit
520542,PRIMAS EXTRALEGALES,debit
520545,AUXILIOS,debit
520548,BONIFICACIONES,debit
520551,DOTACION Y SUMINISTRO A TRABAJADORES,debit
520554,SEGUROS,debit
520557,CUOTAS PARTES PENSIONES DE JUBILACION,debit
520558,AMORTIZACION CALCULO ACTUARIAL PENSIONES DE JUBILACION,debit
520559,PENSIONES DE JUBILACION,debit
520560,INDEMNIZACIONES LABORALES,debit
520561,AMORTIZACION BONOS PENSIONALES,debit
520562,AMORTIZACION TITULOS PENSIONALES,debit
520563,CAPACITACION AL PERSONAL,debit
520566,GASTOS DEPORTIVOS Y DE RECREACION,debit
520568,APORTES A ADMINISTRADORAS DE RIESGOS PROFESIONALES ARP,debit
520569,APORTES A ENTIDADES PROMOTORAS DE SALUD EPS,debit
520570,APORTES A FONDOS DE PENSIONES Y/O CESANTIAS,debit
520572,APORTES CAJAS DE COMPENSACION FAMILIAR,debit
520575,APORTES I.C.B.F.,debit
520578,SENA,debit
520581,APORTES SINDICALES,debit
520584,GASTOS MEDICOS Y DROGAS,debit
520595,OTROS,debit
520599,AJUSTES POR INFLACION,debit
5210,HONORARIOS,debit
521005,JUNTA DIRECTIVA,debit
521010,REVISORIA FISCAL,debit
521015,AUDITORIA EXTERNA,debit
521020,AVALUOS,debit
521025,ASESORIA JURIDICA,debit
521030,ASESORIA FINANCIERA,debit
521035,ASESORIA TECNICA,debit
521095,OTROS,debit
521099,AJUSTES POR INFLACION,debit
5215,IMPUESTOS,debit
521505,INDUSTRIA Y COMERCIO,debit
521510,DE TIMBRES,debit
521515,A LA PROPIEDAD RAIZ,debit
521520,DERECHOS SOBRE INSTRUMENTOS PUBLICOS,debit
521525,DE VALORIZACION,debit
521530,DE TURISMO,debit
521535,TASA POR UTILIZACION DE PUERTOS,debit
521540,DE VEHICULOS,debit
521545,DE ESPECTACULOS PUBLICOS,debit
521550,CUOTAS DE FOMENTO,debit
521555,LICORES,debit
521560,CERVEZAS,debit
521565,CIGARRILLOS,debit
521570,IVA DESCONTABLE,debit
521595,OTROS,debit
521599,AJUSTES POR INFLACION,debit
5220,ARRENDAMIENTOS,debit
522005,TERRENOS,debit
522010,CONSTRUCCIONES Y EDIFICACIONES,debit
522015,MAQUINARIA Y EQUIPO,debit
522020,EQUIPO DE OFICINA,debit
522025,EQUIPO DE COMPUTACION Y COMUNICACION,debit
522030,EQUIPO MEDICO - CIENTIFICO,debit
522035,EQUIPO DE HOTELES Y RESTAURANTES,debit
522040,FLOTA Y EQUIPO DE TRANSPORTE,debit
522045,FLOTA Y EQUIPO FLUVIAL Y/O MARITIMO,debit
522050,FLOTA Y EQUIPO AEREO,debit
522055,FLOTA Y EQUIPO FERREO,debit
522060,ACUEDUCTOS PLANTAS Y REDES,debit
522065,AERODROMOS,debit
522070,SEMOVIENTES,debit
522095,OTROS,debit
522099,AJUSTES POR INFLACION,debit
5225,CONTRIBUCIONES Y AFILIACIONES,debit
522505,CONTRIBUCIONES,debit
522510,AFILIACIONES Y SOSTENIMIENTO,debit
522599,AJUSTES POR INFLACION,debit
5230,SEGUROS,debit
523005,MANEJO,debit
523010,CUMPLIMIENTO,debit
523015,CORRIENTE DEBIL,debit
523020,VIDA COLECTIVA,debit
523025,INCENDIO,debit
523030,TERREMOTO,debit
523035,SUSTRACCION Y HURTO,debit
523040,FLOTA Y EQUIPO DE TRANSPORTE,debit
523045,FLOTA Y EQUIPO FLUVIAL Y/O MARITIMO,debit
523050,FLOTA Y EQUIPO AEREO,debit
523055,FLOTA Y EQUIPO FERREO,debit
523060,RESPONSABILIDAD CIVIL Y EXTRACONTRACTUAL,debit
523065,VUELO,debit
523070,ROTURA DE MAQUINARIA,debit
523075,OBLIGATORIO ACCIDENTE DE TRANSITO,debit
523080,LUCRO CESANTE,debit
523095,OTROS,debit
523099,AJUSTES POR INFLACION,debit
5235,SERVICIOS,debit
523505,ASEO Y VIGILANCIA,debit
523510,TEMPORALES,debit
523515,ASISTENCIA TECNICA,debit
523520,PROCESAMIENTO ELECTRONICO DE DATOS,debit
523525,ACUEDUCTO Y ALCANTARILLADO,debit
523530,ENERGIA ELECTRICA,debit
523535,TELEFONO,debit
523540,"CORREO, PORTES Y TELEGRAMAS",debit
523545,FAX Y TELEX,debit
523550,"TRANSPORTE, FLETES Y ACARREOS",debit
523555,GAS,debit
523560,"PUBLICIDAD, PROPAGANDA Y PROMOCION }",debit
523595,OTROS,debit
523599,AJUSTES POR INFLACION,debit
5240,GASTOS LEGALES,debit
524005,NOTARIALES,debit
524010,REGISTRO MERCANTIL,debit
524015,TRAMITES Y LICENCIAS,debit
524020,ADUANEROS,debit
524025,CONSULARES,debit
524095,OTROS,debit
524099,AJUSTES POR INFLACION,debit
5245,MANTENIMIENTO Y REPARACIONES,debit
524505,TERRENOS,debit
524510,CONSTRUCCIONES Y EDIFICACIONES,debit
524515,MAQUINARIA Y EQUIPO,debit
524520,EQUIPO DE OFICINA,debit
524525,EQUIPO DE COMPUTACION Y COMUNICACION,debit
524530,EQUIPO MEDICO - CIENTIFICO,debit
524535,EQUIPO DE HOTELES Y RESTAURANTES,debit
524540,FLOTA Y EQUIPO DE TRANSPORTE,debit
524545,FLOTA Y EQUIPO FLUVIAL Y/O MARITIMO,debit
524550,FLOTA Y EQUIPO AEREO,debit
524555,FLOTA Y EQUIPO FERREO,debit
524560,ACUEDUCTOS PLANTAS Y REDES,debit
524565,ARMAMENTO DE VIGILANCIA,debit
524570,VIAS DE COMUNICACION,debit
524599,AJUSTES POR INFLACION,debit
5250,ADECUACION E INSTALACION,debit
525005,INSTALACIONES ELECTRICAS,debit
525010,ARREGLOS ORNAMENTALES,debit
525015,REPARACIONES LOCATIVAS,debit
525095,OTROS,debit
525099,AJUSTES POR INFLACION,debit
5255,GASTOS DE VIAJE,debit
525505,ALOJAMIENTO Y MANUTENCION,debit
525510,PASAJES FLUVIALES Y/O MARITIMOS,debit
525515,PASAJES AEREOS,debit
525520,PASAJES TERRESTRES,debit
525525,PASAJES FERREOS,debit
525595,OTROS,debit
525599,AJUSTES POR INFLACION,debit
5260,DEPRECIACIONES,debit
526005,CONSTRUCCIONES Y EDIFICACIONES,debit
526010,MAQUINARIA Y EQUIPO,debit
526015,EQUIPO DE OFICINA,debit
526020,EQUIPO DE COMPUTACION Y COMUNICACION,debit
526025,EQUIPO MEDICO - CIENTIFICO,debit
526030,EQUIPO DE HOTELES Y RESTAURANTES,debit
526035,FLOTA Y EQUIPO DE TRANSPORTE,debit
526040,FLOTA Y EQUIPO FLUVIAL Y/O MARITIMO,debit
526045,FLOTA Y EQUIPO AEREO,debit
526050,FLOTA Y EQUIPO FERREO,debit
526055,"ACUEDUCTOS, PLANTAS Y REDES",debit
526060,ARMAMENTO DE VIGILANCIA,debit
526065,ENVASES Y EMPAQUES,debit
526099,AJUSTES POR INFLACION,debit
5265,AMORTIZACIONES,debit
526505,VIAS DE COMUNICACION,debit
526510,INTANGIBLES,debit
526515,CARGOS DIFERIDOS,debit
526595,OTRAS,debit
526599,AJUSTES POR INFLACION,debit
5270,FINANCIEROS - REAJUSTE DEL SISTEMA,debit
527099,AJUSTES POR INFLACION,debit
5275,PERDIDAS METODO DE PARTICIPACION,debit
527505,DE SOCIEDADES ANONIMAS Y/O ASIMILADAS,debit
527510,DE SOCIEDADES LIMITADAS Y/O ASIMILADAS,debit
5295,DIVERSOS,debit
529505,COMISIONES,debit
529510,"LIBROS, SUSCRIPCIONES, PERIODICOS Y REVISTAS",debit
529515,MUSICA AMBIENTAL,debit
529520,GASTOS DE REPRESENTACION Y RELACIONES PUBLICAS,debit
529525,ELEMENTOS DE ASEO Y CAFETERIA,debit
529530,"UTILES, PAPELERIA Y FOTOCOPIAS",debit
529535,COMBUSTIBLES Y LUBRICANTES,debit
529540,ENVASES Y EMPAQUES,debit
529545,TAXIS Y BUSES,debit
529550,ESTAMPILLAS,debit
529555,MICROFILMACION,debit
529560,CASINO Y RESTAURANTE,debit
529565,PARQUEADEROS,debit
529570,INDEMNIZACION POR DAÑOS A TERCEROS,debit
529575,POLVORA Y SIMILARES,debit
529595,OTROS,debit
529599,AJUSTES POR INFLACION,debit
5299,PROVISIONES,debit
529905,INVERSIONES,debit
529910,DEUDORES,debit
529915,INVENTARIOS,debit
529920,"PROPIEDADES, PLANTA Y EQUIPO",debit
529995,OTROS ACTIVOS,debit
529999,AJUSTES POR INFLACION,debit
53,NO OPERACIONALES,debit
5305,FINANCIEROS,debit
530505,GASTOS BANCARIOS,debit
530510,REAJUSTE MONETARIO - UPAC,debit
530515,COMISIONES,debit
530520,INTERESES,debit
530525,DIFERENCIA EN CAMBIO,debit
530530,GASTOS EN NEGOCIACION CERTIFICADOS DE CAMBIO,debit
530535,DESCUENTOS COMERCIALES CONDICIONADOS,debit
530540,GASTOS MANEJO Y EMISION DE BONOS,debit
530545,PRIMA AMORTIZADA,debit
530595,OTROS,debit
530599,AJUSTES POR INFLACION,debit
5310,PERDIDA EN VENTA Y RETIRO DE BIENES,debit
531005,VENTA DE INVERSIONES,debit
531010,VENTA DE CARTERA,debit
531015,VENTA DE PROPIEDADES PLANTA Y EQUIPO,debit
531020,VENTA DE INTANGIBLES,debit
531025,VENTA DE OTROS ACTIVOS,debit
531030,RETIRO DE PROPIEDADES PLANTA Y EQUIPO,debit
531035,RETIRO DE OTROS ACTIVOS,debit
531040,PERDIDAS POR SINIESTROS,debit
531095,OTROS,debit
531099,AJUSTES POR INFLACION,debit
5313,PERDIDAS METODO DE PARTICIPACION,debit
531305,DE SOCIEDADES ANONIMAS Y/O ASIMILADAS,debit
531310,DE SOCIEDADES LIMITADAS Y/O ASIMILADAS,debit
5315,GASTOS EXTRAORDINARIOS,debit
531505,COSTAS Y PROCESOS JUDICIALES,debit
531510,ACTIVIDADES CULTURALES Y CIVICAS,debit
531515,COSTOS Y GASTOS DE EJERCICIOS ANTERIORES,debit
531520,IMPUESTOS ASUMIDOS,debit
531595,OTROS,debit
531599,AJUSTES POR INFLACION,debit
5395,GASTOS DIVERSOS,debit
539505,DEMANDAS LABORALES,debit
539510,DEMANDAS POR INCUMPLIMIENTO DE CONTRATOS,debit
539515,INDEMNIZACIONES,debit
539520,"MULTAS, SANCIONES Y LITIGIOS",debit
539525,DONACIONES,debit
539530,CONSTITUCION DE GARANTIAS,debit
539535,AMORTIZACION DE BIENES ENTREGADOS EN COMODATO,debit
539595,OTROS,debit
539599,AJUSTES POR INFLACION,debit
54,IMPUESTO DE RENTA Y COMPLEMENTARIOS,debit
5405,IMPUESTO DE RENTA Y COMPLEMENTARIOS,debit
540505,IMPUESTO DE RENTA Y COMPLEMENTARIOS,debit
59,GANANCIAS Y PERDIDAS,debit
5905,GANANCIAS Y PERDIDAS,debit
590505,GANANCIAS Y PERDIDAS,debit
6,COSTOS DE VENTAS,debit
61,COSTO DE VENTAS Y DE PRESTACION DE SERVICIOS,debit
6105,"AGRICULTURA, GANADERIA, CAZA Y SILVICULTURA",debit
610505,CULTIVO DE CEREALES,debit
610510,"CULTIVOS DE HORTALIZAS, LEGUMBRES Y PLANTAS ORNAMENTALES",debit
610515,"CULTIVOS DE FRUTAS, NUECES Y PLANTAS AROMATICAS",debit
610520,CULTIVO DE CAFE,debit
610525,CULTIVO DE FLORES,debit
610530,CULTIVO DE CAÑA DE AZUCAR,debit
610535,CULTIVO DE ALGODON Y PLANTAS PARA MATERIAL TEXTIL,debit
610540,CULTIVO DE BANANO,debit
610545,OTROS CULTIVOS AGRICOLAS,debit
610550,"CRIA DE OVEJAS, CABRAS, ASNOS, MULAS Y BURDEGANOS",debit
610555,CRIA DE GANADO CABALLAR Y VACUNO.,debit
610560,PRODUCCION AVICOLA,debit
610565,CRIA DE OTROS ANIMALES,debit
610570,SERVICIOS AGRICOLAS Y GANADEROS,debit
610575,ACTIVIDAD DE CAZA,debit
610580,ACTIVIDAD DE SILVICULTURA,debit
610595,ACTIVIDADES CONEXAS,debit
610599,AJUSTES POR INFLACION,debit
6110,PESCA,debit
611005,ACTIVIDAD DE PESCA,debit
611010,EXPLOTACION DE CRIADEROS DE PECES,debit
611095,ACTIVIDADES CONEXAS,debit
611099,AJUSTES POR INFLACION,debit
6115,EXPLOTACION DE MINAS Y CANTERAS,debit
611505,CARBON,debit
611510,PETROLEO CRUDO,debit
611512,GAS NATURAL,debit
611514,SERVICIOS RELACIONADOS CON EXTRACCION DE PETROLEO Y GAS,debit
611515,MINERALES DE HIERRO,debit
611520,MINERALES METALIFEROS NO FERROSOS,debit
611525,"PIEDRA, ARENA Y ARCILLA",debit
611527,PIEDRAS PRECIOSAS,debit
611528,ORO,debit
611530,OTRAS MINAS Y CANTERAS,debit
611532,PRESTACION DE SERVICIOS SECTOR MINERO,debit
611595,ACTIVIDADES CONEXAS,debit
611599,AJUSTES POR INFLACION,debit
6120,INDUSTRIAS MANUFACTURERAS,debit
612001,PRODUCCION Y PROCESAMIENTO DE CARNES Y PRODUCTOS CARNICOS,debit
612002,PRODUCTOS DE PESCADO,debit
612003,"PRODUCTOS DE FRUTAS, LEGUMBRES Y HORTALIZAS",debit
612004,ELABORACION DE ACEITES Y GRASAS,debit
612005,ELABORACION DE PRODUCTOS LACTEOS,debit
612006,ELABORACION DE PRODUCTOS DE MOLINERIA,debit
612007,ELABORACION DE ALMIDONES Y DERIVADOS,debit
612008,ELABORACION DE ALIMENTOS PARA ANIMALES,debit
612009,ELABORACION DE PRODUCTOS PARA PANADERIA,debit
612010,ELABORACION DE AZUCAR Y MELAZAS,debit
612011,"ELABORACION DE CACAO, CHOCOLATE Y CONFITERIA",debit
612012,ELABORACION DE PASTAS Y PRODUCTOS FARINACEOS,debit
612013,ELABORACION DE PRODUCTOS DE CAFE,debit
612014,ELABORACION DE OTROS PRODUCTOS ALIMENTICIOS,debit
612015,ELABORACION DE BEBIDAS ALCOHOLICAS Y ALCOHOL ETILICO,debit
612016,ELABORACION DE VINOS,debit
612017,ELABORACION DE BEBIDAS MALTEADAS Y DE MALTA,debit
612018,ELABORACION DE BEBIDAS NO ALCOHOLICAS,debit
612019,ELABORACION DE PRODUCTOS DE TABACO,debit
612020,PREPARACION E HILATURA DE FIBRAS TEXTILES Y TEJEDURIA,debit
612021,ACABADO DE PRODUCTOS TEXTILES,debit
612022,ELABORACION DE ARTICULOS DE MATERIALES TEXTILES,debit
612023,ELABORACION DE TAPICES Y ALFOMBRAS,debit
612024,"ELABORACION DE CUERDAS, CORDELES, BRAMANTES Y REDES",debit
612025,ELABORACION DE OTROS PRODUCTOS TEXTILES,debit
612026,ELABORACION DE TEJIDOS,debit
612027,ELABORACION DE PRENDAS DE VESTIR,debit
612028,"PREPARACION, ADOBO Y TEÑIDO DE PIELES",debit
612029,"CURTIDO, ADOBO O PREPARACION DE CUERO",debit
612030,"ELABORACION DE MALETAS, BOLSOS Y SIMILARES",debit
612031,ELABORACION DE CALZADO,debit
612032,"PRODUCCION DE MADERA, ARTICULOS DE MADERA Y CORCHO",debit
612033,"ELABORACION DE PASTA Y PRODUCTOS DE MADERA, PAPEL Y CARTON",debit
612034,EDICIONES Y PUBLICACIONES,debit
612035,IMPRESION,debit
612036,SERVICIOS RELACIONADOS CON LA EDICION Y LA IMPRESION,debit
612037,REPRODUCCION DE GRABACIONES,debit
612038,ELABORACION DE PRODUCTOS DE HORNO DE COQUE,debit
612039,ELABORACION DE PRODUCTOS DE LA REFINACION DE PETROLEO,debit
612040,ELABORACION DE SUSTANCIAS QUIMICAS BASICAS,debit
612041,ELABORACION DE ABONOS Y COMPUESTOS DE NITROGENO,debit
612042,ELABORACION DE PLASTICO Y CAUCHO SINTETICO,debit
612043,ELABORACION DE PRODUCTOS QUIMICOS DE USO AGROPECUARIO,debit
612044,"ELABORACION DE PINTURAS, TINTAS Y MASILLAS",debit
612045,ELABORACION DE PRODUCTOS FARMACEUTICOS Y BOTANICOS,debit
612046,"ELABORACION DE JABONES, DETERGENTES Y PREPARADOS DE TOCADOR",debit
612047,ELABORACION DE OTROS PRODUCTOS QUIMICOS,debit
612048,ELABORACION DE FIBRAS,debit
612049,ELABORACION DE OTROS PRODUCTOS DE CAUCHO,debit
612050,ELABORACION DE PRODUCTOS DE PLASTICO,debit
612051,ELABORACION DE VIDRIO Y PRODUCTOS DE VIDRIO,debit
612052,"ELABORACION DE PRODUCTOS DE CERAMICA, LOZA, PIEDRA, ARCILLA Y PORCELANA",debit
612053,"ELABORACION DE CEMENTO, CAL Y YESO",debit
612054,"ELABORACION DE ARTICULOS DE HORMIGON, CEMENTO Y YESO",debit
612055,"CORTE, TALLADO Y ACABADO DE LA PIEDRA",debit
612056,ELABORACION DE OTROS PRODUCTOS MINERALES NO METALICOS,debit
612057,INDUSTRIAS BASICAS Y FUNDICION DE HIERRO Y ACERO,debit
612058,PRODUCTOS PRIMARIOS DE METALES PRECIOSOS Y DE METALES NO FERROSOS,debit
612059,FUNDICION DE METALES NO FERROSOS,debit
612060,FABRICACION DE PRODUCTOS METALICOS PARA USO ESTRUCTURAL,debit
612061,"FORJA, PRENSADO, ESTAMPADO, LAMINADO DE METAL Y",debit
612062,REVESTIMIENTO DE METALES Y OBRAS DE INGENIERIA MECANICA,debit
612063,FABRICACION DE ARTICULOS DE FERRETERIA,debit
612064,ELABORACION DE OTROS PRODUCTOS DE METAL,debit
612065,FABRICACION DE MAQUINARIA Y EQUIPO,debit
612066,FABRICACION DE EQUIPOS DE ELEVACION Y MANIPULACION,debit
612067,ELABORACION DE APARATOS DE USO DOMESTICO,debit
612068,ELABORACION DE EQUIPO DE OFICINA,debit
612069,ELABORACION DE PILAS Y BATERIAS PRIMARIAS,debit
612070,ELABORACION DE EQUIPO DE ILUMINACION,debit
612071,ELABORACION DE OTROS TIPOS DE EQUIPO ELECTRICO,debit
612072,"FABRICACION DE EQUIPOS DE RADIO, TELEVISION Y COMUNICACIONES",debit
612073,FABRICACION DE APARATOS E INSTRUMENTOS MEDICOS,debit
612074,FABRICACION DE INSTRUMENTOS DE MEDICION Y CONTROL,debit
612075,FABRICACION DE INSTRUMENTOS DE OPTICA Y EQUIPO FOTOGRAFICO,debit
612076,FABRICACION DE RELOJES,debit
612077,FABRICACION DE VEHICULOS AUTOMOTORES,debit
612078,FABRICACION DE CARROCERIAS PARA AUTOMOTORES,debit
612079,FABRICACION DE PARTES PIEZAS Y ACCESORIOS PARA AUTOMOTORES,debit
612080,FABRICACION Y REPARACION DE BUQUES Y OTRAS EMBARCACIONES,debit
612081,FABRICACION DE LOCOMOTORAS Y MATERIAL RODANTE PARA FERROCARRILES,debit
612082,FABRICACION DE AERONAVES,debit
612083,FABRICACION DE MOTOCICLETAS,debit
612084,FABRICACION DE BICICLETAS Y SILLAS DE RUEDAS,debit
612085,FABRICACION DE OTROS TIPOS DE TRANSPORTE,debit
612086,FABRICACION DE MUEBLES,debit
612087,FABRICACION DE JOYAS Y ARTICULOS CONEXOS,debit
612088,FABRICACION DE INSTRUMENTOS DE MUSICA,debit
612089,FABRICACION DE ARTICULOS Y EQUIPO PARA DEPORTE,debit
612090,FABRICACION DE JUEGOS Y JUGUETES,debit
612091,RECICLAMIENTO DE DESPERDICIOS,debit
612095,PRODUCTOS DE OTRAS INDUSTRIAS MANUFACTURERAS,debit
612099,AJUSTES POR INFLACION,debit
6125,"SUMINISTRO DE ELECTRICIDAD, GAS Y AGUA",debit
612505,"GENERACION, CAPTACION Y DISTRIBUCION DE ENERGIA ELECTRICA",debit
612510,FABRICACION DE GAS Y DISTRIBUCION DE COMBUSTIBLES GASEOSOS,debit
612515,"CAPTACION, DEPURACION Y DISTRIBUCION DE AGUA",debit
612595,ACTIVIDADES CONEXAS,debit
612599,AJUSTES POR INFLACION,debit
6130,CONSTRUCCION,debit
613005,PREPARACION DE TERRENOS,debit
613010,CONSTRUCCION DE EDIFICIOS Y OBRAS DE INGENIERIA CIVIL,debit
613015,ACONDICIONAMIENTO DE EDIFICIOS,debit
613020,TERMINACION DE EDIFICACIONES,debit
613025,ALQUILER DE EQUIPO CON OPERARIO,debit
613095,ACTIVIDADES CONEXAS,debit
613099,AJUSTES POR INFLACION,debit
6135,COMERCIO AL POR MAYOR Y AL POR MENOR,debit
613502,VENTA DE VEHICULOS AUTOMOTORES,debit
613504,"MANTENIMIENTO, REPARACION Y LAVADO DE VEHICULOS AUTOMOTORES",debit
613506,"VENTA DE PARTES, PIEZAS Y ACCESORIOS DE VEHICULOS AUTOMOTORES",debit
613508,"VENTA DE COMBUSTIBLES SOLIDOS, LIQUIDOS, GASEOSOS",debit
613510,"VENTA DE LUBRICANTES, ADITIVOS, LLANTAS Y LUJOS PARA AUTOMOTORES",debit
613512,VENTA A CAMBIO DE RETRIBUCION O POR CONTRATA,debit
613514,"VENTA DE INSUMOS, MATERIAS PRIMAS AGROPECUARIAS Y FLORES",debit
613516,VENTA DE OTROS INSUMOS Y MATERIAS PRIMAS NO AGROPECUARIAS,debit
613518,VENTA DE ANIMALES VIVOS Y CUEROS,debit
613520,VENTA DE PRODUCTOS EN ALMACENES NO ESPECIALIZADOS,debit
613522,VENTA DE PRODUCTOS AGROPECUARIOS,debit
613524,"VENTA DE PRODUCTOS TEXTILES, DE VESTIR, DE CUERO Y CALZADO",debit
613526,VENTA DE PAPEL Y CARTON,debit
613528,"VENTA DE LIBROS, REVISTAS, ELEMENTOS DE PAPELERIA, UTILES Y TEXTOS ESCOLARES",debit
613530,"VENTA DE JUEGOS, JUGUETES Y ARTICULOS DEPORTIVOS",debit
613532,VENTA DE INSTRUMENTOS QUIRURGICOS Y ORTOPEDICOS,debit
613534,VENTA DE ARTICULOS EN RELOJERIAS Y JOYERIAS,debit
613536,VENTA DE ELECTRODOMESTICOS Y MUEBLES,debit
613538,"VENTA DE PRODUCTOS DE ASEO, FARMACEUTICOS, MEDICINALES, Y ARTICULOS DE TOCADOR",debit
613540,"VENTA DE CUBIERTOS, VAJILLAS, CRISTALERIA, PORCELANAS, CERAMICAS Y OTROS ARTICULOS DE USO DOMESTICO",debit
613542,"VENTA DE MATERIALES DE CONSTRUCCION, FONTANERIA Y CALEFACCION",debit
613544,VENTA DE PINTURAS Y LACAS,debit
613546,VENTA DE PRODUCTOS DE VIDRIOS Y MARQUETERIA,debit
613548,VENTA DE HERRAMIENTAS Y ARTICULOS DE FERRETERIA,debit
613550,VENTA DE QUIMICOS,debit
613552,"VENTA DE PRODUCTOS INTERMEDIOS, DESPERDICIOS Y DESECHOS",debit
613554,"VENTA DE MAQUINARIA, EQUIPO DE OFICINA Y PROGRAMAS DE COMPUTADOR",debit
613556,VENTA DE ARTICULOS EN CACHARRERIAS Y MISCELANEAS,debit
613558,VENTA DE INSTRUMENTOS MUSICALES,debit
613560,VENTA DE ARTICULOS EN CASAS DE EMPEÑO Y PRENDERIAS,debit
613562,VENTA DE EQUIPO FOTOGRAFICO,debit
613564,VENTA DE EQUIPO OPTICO Y DE PRECISION,debit
613566,VENTA DE EMPAQUES,debit
613568,VENTA DE EQUIPO PROFESIONAL Y CIENTIFICO,debit
613570,"VENTA DE LOTERIAS, RIFAS, CHANCE, APUESTAS Y SIMILARES",debit
613572,REPARACION DE EFECTOS PERSONALES Y ELECTRODOMESTICOS,debit
613595,VENTA DE OTROS PRODUCTOS,debit
613599,AJUSTES POR INFLACION,debit
6140,HOTELES Y RESTAURANTES,debit
614005,HOTELERIA,debit
614010,CAMPAMENTO Y OTROS TIPOS DE HOSPEDAJE,debit
614015,RESTAURANTES,debit
614020,BARES Y CANTINAS,debit
614095,ACTIVIDADES CONEXAS,debit
614099,AJUSTES POR INFLACION,debit
6145,"TRANSPORTE, ALMACENAMIENTO Y COMUNICACIONES",debit
614505,SERVICIO DE TRANSPORTE POR CARRETERA,debit
614510,SERVICIO DE TRANSPORTE POR VIA FERREA,debit
614515,SERVICIO DE TRANSPORTE POR VIA ACUATICA,debit
614520,SERVICIO DE TRANSPORTE POR VIA AEREA,debit
614525,SERVICIO DE TRANSPORTE POR TUBERIAS,debit
614530,MANIPULACION DE CARGA,debit
614535,ALMACENAMIENTO Y DEPOSITO,debit
614540,SERVICIOS COMPLEMENTARIOS PARA EL TRANSPORTE,debit
614545,AGENCIAS DE VIAJE,debit
614550,OTRAS AGENCIAS DE TRANSPORTE,debit
614555,SERVICIO POSTAL Y DE CORREO,debit
614560,SERVICIO TELEFONICO,debit
614565,SERVICIO DE TELEGRAFO,debit
614570,SERVICIO DE TRANSMISION DE DATOS,debit
614575,SERVICIO DE RADIO Y TELEVISION POR CABLE,debit
614580,TRANSMISION DE SONIDO E IMAGENES POR CONTRATO,debit
614595,ACTIVIDADES CONEXAS,debit
614599,AJUSTES POR INFLACION,debit
6150,ACTIVIDAD FINANCIERA,debit
615005,DE INVERSIONES,debit
615010,DE SERVICIO DE BOLSA,debit
615099,AJUSTES POR INFLACION,debit
6155,"ACTIVIDADES INMOBILIARIAS, EMPRESARIALES Y DE ALQUILER",debit
615505,ARRENDAMIENTOS DE BIENES INMUEBLES,debit
615510,INMOBILIARIAS POR RETRIBUCION O CONTRATA,debit
615515,ALQUILER EQUIPO DE TRANSPORTE,debit
615520,ALQUILER MAQUINARIA Y EQUIPO,debit
615525,ALQUILER DE EFECTOS PERSONALES Y ENSERES DOMESTICOS,debit
615530,CONSULTORIA EN EQUIPO Y PROGRAMAS DE INFORMATICA,debit
615535,PROCESAMIENTO DE DATOS,debit
615540,MANTENIMIENTO Y REPARACION DE MAQUINARIA DE OFICINA,debit
615545,INVESTIGACIONES CIENTIFICAS Y DE DESARROLLO,debit
615550,ACTIVIDADES EMPRESARIALES DE CONSULTORIA,debit
615555,PUBLICIDAD,debit
615560,DOTACION DE PERSONAL,debit
615565,INVESTIGACION Y SEGURIDAD,debit
615570,LIMPIEZA DE INMUEBLES,debit
615575,FOTOGRAFIA,debit
615580,ENVASE Y EMPAQUE,debit
615585,FOTOCOPIADO,debit
615590,MANTENIMIENTO Y REPARACION DE MAQUINARIA Y EQUIPO,debit
615595,ACTIVIDADES CONEXAS,debit
615599,AJUSTES POR INFLACION,debit
6160,ENSEÑANZA,debit
616005,ACTIVIDADES RELACIONADAS CON LA EDUCACION,debit
616095,ACTIVIDADES CONEXAS,debit
616099,AJUSTES POR INFLACION,debit
6165,SERVICIOS SOCIALES Y DE SALUD,debit
616505,SERVICIO HOSPITALARIO,debit
616510,SERVICIO MEDICO,debit
616515,SERVICIO ODONTOLOGICO,debit
616520,SERVICIO DE LABORATORIO,debit
616525,ACTIVIDADES VETERINARIAS,debit
616530,ACTIVIDADES DE SERVICIOS SOCIALES,debit
616595,ACTIVIDADES CONEXAS,debit
616599,AJUSTES POR INFLACION,debit
6170,"OTRAS ACTIVIDADES DE SERVICIOS COMUNITARIOS, SOCIALES Y PERSONALES",debit
617005,ELIMINACION DE DESPERDICIOS Y AGUAS RESIDUALES,debit
617010,ACTIVIDADES DE ASOCIACION,debit
617015,PRODUCCION Y DISTRIBUCION DE FILMES Y VIDEOCINTAS,debit
617020,EXHIBICION DE FILMES Y VIDEOCINTAS,debit
617025,ACTIVIDAD DE RADIO Y TELEVISION,debit
617030,"ACTIVIDAD TEATRAL, MUSICAL Y ARTISTICA",debit
617035,GRABACION Y PRODUCCION DE DISCOS,debit
617040,ENTRETENIMIENTO Y ESPARCIMIENTO,debit
617045,AGENCIAS DE NOTICIAS,debit
617050,LAVANDERIAS Y SIMILARES,debit
617055,PELUQUERIAS Y SIMILARES,debit
617060,SERVICIOS FUNERARIOS,debit
617065,ZONAS FRANCAS,debit
617095,ACTIVIDADES CONEXAS,debit
617099,AJUSTES POR INFLACION,debit
62,COMPRAS,debit
6205,DE MERCANCIAS,debit
620599,AJUSTES POR INFLACION,debit
6210,DE MATERIAS PRIMAS,debit
621099,AJUSTES POR INFLACION,debit
6215,DE MATERIALES INDIRECTOS,debit
621599,AJUSTES POR INFLACION,debit
6220,COMPRA DE ENERGIA,debit
622099,AJUSTES POR INFLACION,debit
6225,DEVOLUCIONES EN COMPRAS (CR),credit
622599,AJUSTES POR INFLACION,credit
7,COSTOS DE PRODUCCION O DE OPERACION,debit
71,MATERIA PRIMA,debit
72,MANO DE OBRA DIRECTA,debit
73,COSTOS INDIRECTOS,debit
74,CONTRATOS DE SERVICIOS,debit
8,CUENTAS DE ORDEN DEUDORAS,debit
81,DERECHOS CONTINGENTES,debit
8105,BIENES Y VALORES ENTREGADOS EN CUSTODIA,debit
810505,VALORES MOBILIARIOS,debit
810510,BIENES MUEBLES,debit
810599,AJUSTES POR INFLACION,debit
8110,BIENES Y VALORES ENTREGADOS EN GARANTIA,debit
811005,VALORES MOBILIARIOS,debit
811010,BIENES MUEBLES,debit
811015,BIENES INMUEBLES,debit
811020,CONTRATOS DE GANADO EN PARTICIPACION,debit
811099,AJUSTES POR INFLACION,debit
8115,BIENES Y VALORES EN PODER DE TERCEROS,debit
811505,EN ARRENDAMIENTO,debit
811510,EN PRESTAMO,debit
811515,EN DEPOSITO,debit
811520,EN CONSIGNACION,debit
811599,AJUSTES POR INFLACION,debit
8120,LITIGIOS Y/O DEMANDAS,debit
812005,EJECUTIVOS,debit
812010,INCUMPLIMIENTO DE CONTRATOS,debit
8125,PROMESAS DE COMPRAVENTA,debit
8195,DIVERSAS,debit
819505,VALORES ADQUIRIDOS POR RECIBIR,debit
819595,OTRAS,debit
819599,AJUSTES POR INFLACION.,debit
82,DEUDORAS FISCALES,debit
83,DEUDORAS DE CONTROL,debit
8305,BIENES RECIBIDOS EN ARRENDAMIENTO FINANCIERO,debit
830505,BIENES MUEBLES,debit
830510,BIENES INMUEBLES,debit
830599,AJUSTES POR INFLACION,debit
8310,TITULOS DE INVERSION NO COLOCADOS,debit
831005,ACCIONES,debit
831010,BONOS,debit
831095,OTROS,debit
8315,"PROPIEDADES PLANTA Y EQUIPO TOTALMENTE DEPRECIADOS, AGOTADOS Y/O AMORTIZADOS",debit
831506,MATERIALES PROYECTOS PETROLEROS,debit
831516,CONSTRUCCIONES Y EDIFICACIONES,debit
831520,MAQUINARIA Y EQUIPO,debit
831524,EQUIPO DE OFICINA,debit
831528,EQUIPO DE COMPUTACION Y COMUNICACION,debit
831532,EQUIPO MEDICO - CIENTIFICO,debit
831536,EQUIPO DE HOTELES Y RESTAURANTES,debit
831540,FLOTA Y EQUIPO DE TRANSPORTE,debit
831544,FLOTA Y EQUIPO FLUVIAL Y/O MARITIMO,debit
831548,FLOTA Y EQUIPO AEREO,debit
831552,FLOTA Y EQUIPO FERREO,debit
831556,"ACUEDUCTOS, PLANTAS Y REDES",debit
831560,ARMAMENTO DE VIGILANCIA,debit
831562,ENVASES Y EMPAQUES,debit
831564,PLANTACIONES AGRICOLAS Y FORESTALES,debit
831568,VIAS DE COMUNICACION,debit
831572,MINAS Y CANTERAS,debit
831576,POZOS ARTESIANOS,debit
831580,YACIMIENTOS,debit
831584,SEMOVIENTES,debit
831599,AJUSTES POR INFLACION,debit
8320,CREDITOS A FAVOR NO UTILIZADOS,debit
832005,PAIS,debit
832010,EXTERIOR,debit
8325,ACTIVOS CASTIGADOS,debit
832505,INVERSIONES,debit
832510,DEUDORES,debit
832595,OTROS ACTIVOS,debit
8330,TITULOS DE INVERSION AMORTIZADOS,debit
833005,BONOS,debit
833095,OTROS,debit
8335,CAPITALIZACION POR REVALORIZACION DE PATRIMONIO,debit
8395,OTRAS CUENTAS DEUDORAS DE CONTROL,debit
839505,CHEQUES POSTFECHADOS,debit
839510,CERTIFICADOS DE DEPOSITO A TERMINO,debit
839515,CHEQUES DEVUELTOS,debit
839520,BIENES Y VALORES EN FIDEICOMISO,debit
839525,INTERESES SOBRE DEUDAS VENCIDAS,debit
839595,DIVERSAS,debit
839599,AJUSTES POR INFLACION,debit
8399,AJUSTES POR INFLACION ACTIVOS,debit
839905,INVERSIONES,debit
839910,INVENTARIOS,debit
839915,PROPIEDADES PLANTA Y EQUIPO,debit
839920,INTANGIBLES,debit
839925,CARGOS DIFERIDOS,debit
839995,OTROS ACTIVOS,debit
84,DERECHOS CONTINGENTES POR CONTRA (CR),credit
85,DEUDORAS FISCALES POR CONTRA (CR),credit
86,DEUDORAS DE CONTROL POR CONTRA (CR),credit
9,CUENTAS DE ORDEN ACREEDORAS,credit
91,RESPONSABILIDADES CONTINGENTES,credit
9105,BIENES Y VALORES RECIBIDOS EN CUSTODIA,credit
910505,VALORES MOBILIARIOS,credit
910510,BIENES MUEBLES,credit
910599,AJUSTES POR INFLACION,credit
9110,BIENES Y VALORES RECIBIDOS EN GARANTIA,credit
911005,VALORES MOBILIARIOS,credit
911010,BIENES MUEBLES,credit
911015,BIENES INMUEBLES,credit
911020,CONTRATOS DE GANADO EN PARTICIPACION,credit
911099,AJUSTES POR INFLACION,credit
9115,BIENES Y VALORES RECIBIDOS DE TERCEROS,credit
911505,EN ARRENDAMIENTO,credit
911510,EN PRESTAMO,credit
911515,EN DEPOSITO,credit
911520,EN CONSIGNACION,credit
911525,EN COMODATO,credit
911599,AJUSTES POR INFLACION,credit
9120,LITIGIOS Y/O DEMANDAS,credit
912005,LABORALES,credit
912010,CIVILES,credit
912015,ADMINISTRATIVOS O ARBITRALES,credit
912020,TRIBUTARIOS,credit
9125,PROMESAS DE COMPRAVENTA,credit
9130,CONTRATOS DE ADMINISTRACION DELEGADA,credit
9135,CUENTAS EN PARTICIPACION,credit
9195,OTRAS RESPONSABILIDADES CONTINGENTES,credit
92,ACREEDORAS FISCALES,credit
93,ACREEDORAS DE CONTROL,credit
9305,CONTRATOS DE ARRENDAMIENTO FINANCIERO,credit
930505,BIENES MUEBLES,credit
930510,BIENES INMUEBLES,credit
9395,OTRAS CUENTAS DE ORDEN ACREEDORAS DE CONTROL,credit
939505,DOCUMENTOS POR COBRAR DESCONTADOS,credit
939510,CONVENIOS DE PAGO,credit
939515,CONTRATOS DE CONSTRUCCIONES E INSTALACIONES POR EJECUTAR,credit
939520,PEDIDOS COLOCADOS,credit
939525,ADJUDICACIONES PENDIENTES DE LEGALIZAR,credit
939530,RESERVA ARTICULO 3o. LEY 4/80,credit
939535,RESERVA COSTO REPOSICION SEMOVIENTES,credit
939595,DIVERSAS,credit
939599,AJUSTES POR INFLACION,credit
9399,AJUSTES POR INFLACION PATRIMONIO,credit
939905,CAPITAL SOCIAL,credit
939910,SUPERAVIT DE CAPITAL,credit
939915,RESERVAS,credit
939925,"DIVIDENDOS O PARTICIPACIONES DECRETADAS EN ACCIONES, CUOTAS O PARTES DE INTERES SOCIAL",credit
939930,RESULTADOS DE EJERCICIOS ANTERIORES,credit
94,RESPONSABILIDADES CONTINGENTES POR CONTRA (DB),debit
95,ACREEDORAS FISCALES POR CONTRA (DB),debit
96,ACREEDORAS DE CONTROL POR CONTRA (DB),debit
